scenario,rep,horizon,threshold,treat_all,egfr_lt30,egfr_lt45,Cox,Dynamic DeepHit,Hazard Transformer,Logistic Hazard,RNN-Surv,DeepSurv,GBSA,Survival RF,Survival SVM,Weibull AFT,KFRE
four_features,1,730,0.05,0.61152,0.16346,0.31591,0.61152,0.61152,0.61152,0.61152,0.58991,0.6122,0.61152,0.61152,0.6106,0.61152,0.15777
four_features,1,730,0.1,0.58993,0.15999,0.30733,0.58993,0.58993,0.58993,0.58993,0.52379,0.59086,0.58993,0.58993,0.59009,0.58993,0.10954
four_features,1,730,0.15,0.56581,0.15611,0.29774,0.56581,0.56581,0.56581,0.56581,0.35824,0.56701,0.56581,0.56581,0.56541,0.56581,0.08462
four_features,1,730,0.2,0.53868,0.15175,0.28695,0.53868,0.53868,0.53868,0.53868,0.1696,0.54018,0.53868,0.53868,0.53442,0.53868,0.0489
four_features,1,730,0.25,0.50792,0.1468,0.27473,0.50792,0.48765,0.50792,0.50792,0.01481,0.50977,0.50792,0.50792,0.49959,0.50792,0.03308
four_features,1,730,0.3,0.47277,0.14115,0.26075,0.47277,0.42319,0.47277,0.47277,,0.47502,0.47277,0.47277,0.46723,0.47277,0.02179
four_features,1,730,0.4,0.3849,0.12702,0.22582,0.3849,0.39942,0.3849,0.3849,0.0,0.38814,0.3849,0.3849,0.36488,0.3849,0.02071
four_features,1,730,0.5,0.26188,0.10724,0.1769,0.26188,0.3452,0.26188,0.26188,0.0,0.26662,0.24635,0.26,0.22811,0.26188,0.01111
four_features,1,1825,0.05,0.8031,0.19469,0.40118,0.8031,0.8031,0.8031,0.8031,0.78262,0.80491,0.8031,0.8031,0.80081,0.8031,0.29941
four_features,1,1825,0.1,0.79216,0.19296,0.39733,0.79216,0.79216,0.79428,0.79216,0.75288,0.79428,0.79216,0.79216,0.78995,0.79216,0.2183
four_features,1,1825,0.15,0.77994,0.19102,0.39304,0.77994,0.77994,0.75774,0.77994,0.70301,0.78239,0.77994,0.77994,0.77684,0.77994,0.18538
four_features,1,1825,0.2,0.76618,0.18884,0.3882,0.76618,0.76618,0.7112,0.76618,0.52516,0.76902,0.76618,0.76618,0.76335,0.76618,0.17017
four_features,1,1825,0.25,0.7506,0.18637,0.38273,0.7506,0.7506,0.69419,0.7506,0.46384,0.75387,0.7506,0.7506,0.74592,0.7506,0.15279
four_features,1,1825,0.3,0.73278,0.18354,0.37647,0.73278,0.73278,0.65604,0.73278,0.31462,0.73656,0.73278,0.73278,0.72856,0.73278,0.12646
four_features,1,1825,0.4,0.68824,0.17647,0.36082,0.68824,0.68824,0.60994,0.68824,0.01481,0.69327,0.68824,0.68824,0.67518,0.68824,0.08644
four_features,1,1825,0.5,0.62589,0.16658,0.33891,0.62589,0.53874,0.5463,0.62589,0.0,0.63266,0.62589,0.62589,0.62934,0.62589,0.05296
four_features,2,730,0.05,0.58822,0.23077,0.38093,0.58822,0.58894,0.58822,0.58822,0.58822,0.58822,0.58822,0.58822,0.58822,0.58822,0.1968
four_features,2,730,0.1,0.56534,0.22631,0.37081,0.56534,0.5673,0.56534,0.56534,0.56534,0.56534,0.56534,0.56534,0.56534,0.56534,0.15016
four_features,2,730,0.15,0.53977,0.22132,0.35951,0.53977,0.54189,0.53977,0.53977,0.53977,0.53977,0.53977,0.53977,0.53977,0.53977,0.13265
four_features,2,730,0.2,0.51101,0.21571,0.34679,0.51101,0.51532,0.51101,0.51101,0.49284,0.51257,0.51101,0.51101,0.50731,0.51101,0.11155
four_features,2,730,0.25,0.47841,0.20935,0.33238,0.47841,0.49527,0.47841,0.47841,0.23702,0.48032,0.47841,0.47841,0.4709,0.47841,0.09967
four_features,2,730,0.3,0.44115,0.20208,0.31591,0.44115,0.46314,0.44115,0.44115,0.04175,0.43976,0.44115,0.44115,0.43364,0.44115,0.07208
four_features,2,730,0.4,0.34801,0.18391,0.27474,0.34801,0.41751,0.34801,0.34801,0.0,0.34311,0.34801,0.34801,0.34387,0.34801,0.03611
four_features,2,730,0.5,0.21762,0.15847,0.21709,0.21762,0.38398,0.21762,0.21447,0.0,0.20871,0.21762,0.22284,0.23232,0.21762,0.02434
four_features,2,1825,0.05,0.82847,0.26903,0.4858,0.82847,0.82847,0.82847,0.82847,0.82847,0.82847,0.82847,0.82847,0.82847,0.82847,0.34929
four_features,2,1825,0.1,0.81894,0.26669,0.48151,0.81894,0.8197,0.81894,0.81894,0.81894,0.81894,0.81894,0.81894,0.81894,0.81894,0.26432
four_features,2,1825,0.15,0.80829,0.26408,0.47672,0.80829,0.8086,0.80829,0.80829,0.80829,0.80829,0.80829,0.80829,0.80829,0.80829,0.23521
four_features,2,1825,0.2,0.7963,0.26114,0.47133,0.7963,0.7971,0.7963,0.7963,0.7963,0.7963,0.7963,0.7963,0.7963,0.7963,0.20623
four_features,2,1825,0.25,0.78273,0.25781,0.46522,0.78273,0.78189,0.78273,0.78273,0.78273,0.78273,0.78273,0.78273,0.78273,0.78273,0.18612
four_features,2,1825,0.3,0.76721,0.254,0.45824,0.76721,0.76711,0.76317,0.76721,0.76721,0.76721,0.76721,0.76721,0.7635,0.76721,0.17414
four_features,2,1825,0.4,0.72841,0.24448,0.44078,0.72841,0.72836,0.69994,0.72841,0.13841,0.72361,0.72841,0.72841,0.72095,0.72841,0.15222
four_features,2,1825,0.5,0.67409,0.23116,0.41634,0.67409,0.67303,0.61543,0.67409,0.0,0.66537,0.67409,0.67409,0.66662,0.67409,0.12202
four_features,3,730,0.05,0.634,0.18001,0.35494,0.634,0.634,0.634,0.634,0.61427,0.634,0.634,0.634,0.634,0.634,0.17842
four_features,3,730,0.1,0.61367,0.17438,0.34359,0.61367,0.61126,0.61367,0.61367,0.54399,0.61367,0.61367,0.61367,0.61367,0.61367,0.13185
four_features,3,730,0.15,0.59094,0.16808,0.3309,0.59094,0.59124,0.59094,0.59094,0.32104,0.59094,0.59094,0.59094,0.59094,0.59094,0.09477
four_features,3,730,0.2,0.56538,0.16099,0.31663,0.56538,0.57892,0.56538,0.56538,0.16087,0.56538,0.56538,0.56538,0.56157,0.56538,0.08088
four_features,3,730,0.25,0.5364,0.15295,0.30045,0.5364,0.54877,0.5364,0.5364,0.03556,0.5364,0.5364,0.5364,0.53259,0.5364,0.06534
four_features,3,730,0.3,0.50329,0.14377,0.28197,0.50329,0.53319,0.50329,0.50329,0.0,0.50329,0.50329,0.50329,0.49518,0.50329,0.05582
four_features,3,730,0.4,0.4205,0.12082,0.23575,0.4205,0.4648,0.4205,0.4128,0.0,0.4205,0.4205,0.4205,0.40562,0.4205,0.03827
four_features,3,730,0.5,0.3046,0.08869,0.17105,0.3046,0.45467,0.3046,0.28416,0.0,0.3018,0.29312,0.28681,0.2777,0.3046,0.01934
four_features,3,1825,0.05,0.83696,0.24827,0.47582,0.83696,0.83696,0.81923,0.83696,0.83302,0.83696,0.83696,0.83696,0.83696,0.83696,0.35251
four_features,3,1825,0.1,0.8279,0.24643,0.47119,0.8279,0.8279,0.81021,0.8279,0.78871,0.8279,0.8279,0.8279,0.8279,0.8279,0.28571
four_features,3,1825,0.15,0.81778,0.24437,0.466,0.81778,0.81778,0.79563,0.81778,0.73683,0.81778,0.81778,0.81778,0.81778,0.81778,0.24391
four_features,3,1825,0.2,0.80639,0.24205,0.46018,0.80639,0.80639,0.77976,0.80639,0.53713,0.80639,0.80639,0.80639,0.80639,0.80639,0.20919
four_features,3,1825,0.25,0.79349,0.23942,0.45357,0.79349,0.788,0.75537,0.79349,0.41811,0.79349,0.79349,0.79349,0.79349,0.79349,0.19444
four_features,3,1825,0.3,0.77873,0.23641,0.44602,0.77873,0.7695,0.72002,0.77873,0.22365,0.77873,0.77873,0.77873,0.77498,0.77873,0.17795
four_features,3,1825,0.4,0.74186,0.2289,0.42715,0.74186,0.73417,0.6755,0.74186,0.00864,0.74186,0.74186,0.74186,0.73809,0.74186,0.13287
four_features,3,1825,0.5,0.69023,0.21839,0.40073,0.69023,0.68416,0.62247,0.69023,0.0,0.69023,0.69023,0.69023,0.67677,0.69023,0.11338
four_features,4,730,0.05,0.60007,0.15253,0.28627,0.60007,0.60075,0.60007,0.60007,0.60007,0.60007,0.60007,0.60007,0.60007,0.60007,0.12193
four_features,4,730,0.1,0.57785,0.14722,0.27604,0.57785,0.57644,0.57785,0.57785,0.57785,0.57785,0.57785,0.57785,0.57785,0.57785,0.08805
four_features,4,730,0.15,0.55302,0.14129,0.26461,0.55302,0.55303,0.55302,0.55302,0.55302,0.55302,0.55302,0.55302,0.55302,0.55302,0.08082
four_features,4,730,0.2,0.52508,0.13461,0.25175,0.52508,0.52618,0.52508,0.52508,0.52508,0.52508,0.52658,0.52508,0.52508,0.52508,0.07005
four_features,4,730,0.25,0.49342,0.12704,0.23718,0.49342,0.47498,0.49342,0.48919,0.48413,0.49342,0.49527,0.49527,0.49342,0.49342,0.05667
four_features,4,730,0.3,0.45723,0.11839,0.22052,0.45723,0.45204,0.45723,0.45296,0.43976,0.45723,0.45563,0.46198,0.45723,0.45723,0.04398
four_features,4,730,0.4,0.36677,0.09676,0.17888,0.36677,0.3978,0.36677,0.36824,0.0037,0.36677,0.34622,0.33666,0.35916,0.36677,0.02775
four_features,4,730,0.5,0.24013,0.06648,0.12058,0.24013,0.3432,0.24013,0.27499,0.0,0.24013,0.16074,0.15965,0.23221,0.24013,0.01926
four_features,4,1825,0.05,0.82687,0.21172,0.37161,0.82687,0.82687,0.81471,0.82687,0.82687,0.82687,0.82687,0.82687,0.82687,0.82687,0.25844
four_features,4,1825,0.1,0.81725,0.2097,0.36612,0.81725,0.81725,0.79519,0.81725,0.81725,0.81725,0.81725,0.81725,0.81725,0.81725,0.19422
four_features,4,1825,0.15,0.8065,0.20744,0.35999,0.8065,0.8065,0.77704,0.8065,0.8065,0.8065,0.8065,0.8065,0.8065,0.8065,0.15664
four_features,4,1825,0.2,0.79441,0.20489,0.35309,0.79441,0.79441,0.75548,0.79441,0.79441,0.79441,0.79441,0.79441,0.79441,0.79441,0.13274
four_features,4,1825,0.25,0.78071,0.20201,0.34528,0.78071,0.78071,0.74162,0.78071,0.78071,0.78071,0.78071,0.78071,0.78071,0.78071,0.12487
four_features,4,1825,0.3,0.76504,0.19872,0.33634,0.76504,0.76504,0.66052,0.76504,0.76504,0.76504,0.76504,0.76504,0.76504,0.76504,0.12268
four_features,4,1825,0.4,0.72588,0.19048,0.314,0.72588,0.72117,0.54474,0.72588,0.72588,0.72588,0.73126,0.72588,0.72588,0.72588,0.11209
four_features,4,1825,0.5,0.67106,0.17894,0.28273,0.67106,0.64979,0.49242,0.66701,0.08452,0.67106,0.67825,0.65463,0.67106,0.67106,0.09331
four_features,5,730,0.05,0.64162,0.21061,0.39315,0.64162,0.64148,0.64162,0.64162,0.64162,0.64162,0.64162,0.64162,0.64162,0.64162,0.17411
four_features,5,730,0.1,0.62171,0.20544,0.38289,0.62171,0.61741,0.62171,0.62171,0.57202,0.62171,0.62171,0.62171,0.62171,0.62171,0.11354
four_features,5,730,0.15,0.59946,0.19966,0.37143,0.59946,0.59995,0.59946,0.59946,0.3656,0.59946,0.59946,0.59946,0.59946,0.59946,0.09542
four_features,5,730,0.2,0.57442,0.19315,0.35853,0.57442,0.57704,0.57442,0.57442,0.17541,0.57228,0.57442,0.57442,0.57442,0.57442,0.08569
four_features,5,730,0.25,0.54605,0.18578,0.34391,0.54605,0.56479,0.54605,0.54605,0.0327,0.54056,0.54605,0.54605,0.54605,0.54605,0.06664
four_features,5,730,0.3,0.51363,0.17736,0.32721,0.51363,0.53234,0.51363,0.51363,,0.50853,0.51363,0.51363,0.51363,0.51363,0.05156
four_features,5,730,0.4,0.43257,0.1563,0.28545,0.43257,0.46857,0.43257,0.43257,0.0,0.41187,0.41593,0.43257,0.43257,0.43257,0.02052
four_features,5,730,0.5,0.31908,0.12682,0.22698,0.31908,0.42394,0.31908,0.3218,0.0,0.2833,0.29939,0.32425,0.31595,0.31908,0.01333
four_features,5,1825,0.05,0.83887,0.26026,0.48323,0.83887,0.84123,0.83887,0.83887,0.83887,0.83887,0.83887,0.83887,0.83887,0.83887,0.34708
four_features,5,1825,0.1,0.82991,0.25785,0.47798,0.82991,0.8307,0.82991,0.82991,0.82991,0.82991,0.82991,0.82991,0.82991,0.82991,0.26655
four_features,5,1825,0.15,0.81991,0.25515,0.47211,0.81991,0.81877,0.81991,0.81991,0.80671,0.81991,0.81991,0.81991,0.81991,0.81991,0.20642
four_features,5,1825,0.2,0.80865,0.25211,0.46551,0.80865,0.8097,0.80865,0.80865,0.67199,0.80865,0.80865,0.80865,0.80865,0.80865,0.17053
four_features,5,1825,0.25,0.7959,0.24867,0.45802,0.7959,0.79474,0.7959,0.7959,0.49872,0.7959,0.7959,0.7959,0.7959,0.7959,0.16048
four_features,5,1825,0.3,0.78132,0.24474,0.44947,0.78132,0.78042,0.78132,0.78132,0.24896,0.78132,0.78132,0.78132,0.78132,0.78132,0.1347
four_features,5,1825,0.4,0.74487,0.23492,0.42808,0.74487,0.74044,0.74487,0.74487,,0.73247,0.74487,0.74487,0.74487,0.74487,0.11033
four_features,5,1825,0.5,0.69384,0.22116,0.39815,0.69384,0.70135,0.68144,0.69384,0.0,0.68981,0.69384,0.69384,0.69384,0.69384,0.09596
eight_features,1,730,0.05,0.73858,0.30406,0.4152,0.73858,0.73858,0.73858,0.73858,0.73858,0.73858,0.73858,0.73858,0.51711,0.73858,0.2897
eight_features,1,730,0.1,0.72406,0.30071,0.40712,0.72406,0.7318,0.72406,0.72406,0.72406,0.72406,0.72406,0.72406,0.41313,0.72406,0.21783
eight_features,1,730,0.15,0.70783,0.29696,0.39808,0.70783,0.72208,0.70783,0.70783,0.70783,0.70783,0.70783,0.70783,0.35259,0.70783,0.19612
eight_features,1,730,0.2,0.68957,0.29273,0.38791,0.68957,0.71257,0.68957,0.68957,0.68957,0.68957,0.68957,0.68957,0.28085,0.68957,0.1732
eight_features,1,730,0.25,0.66887,0.28795,0.37639,0.66887,0.66875,0.66887,0.66887,0.66887,0.66887,0.66887,0.66887,0.23975,0.66887,0.1211
eight_features,1,730,0.3,0.64522,0.28248,0.36322,0.64522,0.6491,0.64522,0.64522,0.64522,0.64522,0.64522,0.64522,0.19504,0.64522,0.1021
eight_features,1,730,0.4,0.58609,0.26882,0.3303,0.58609,0.61113,0.58609,0.58609,0.57649,0.58609,0.58609,0.58609,0.15306,0.58609,0.07477
eight_features,1,730,0.5,0.50331,0.24968,0.28421,0.50331,0.51556,0.50331,0.50331,0.22833,0.50331,0.50331,0.50331,0.11078,0.50331,0.03738
eight_features,1,1825,0.05,0.93474,0.30406,0.51358,0.93474,0.93474,0.93474,0.93474,0.93474,0.93474,0.93474,0.93474,0.90508,0.93474,0.42421
eight_features,1,1825,0.1,0.93111,0.30071,0.51096,0.93111,0.93111,0.93111,0.93111,0.93111,0.93111,0.93111,0.93111,0.79355,0.93111,0.38616
eight_features,1,1825,0.15,0.92706,0.29696,0.50803,0.92706,0.92706,0.92706,0.92706,0.92706,0.92706,0.92706,0.92706,0.6849,0.92706,0.33105
eight_features,1,1825,0.2,0.9225,0.29273,0.50474,0.9225,0.9225,0.9225,0.9225,0.9225,0.9225,0.9225,0.9225,0.62254,0.9225,0.30965
eight_features,1,1825,0.25,0.91733,0.28795,0.501,0.91733,0.91192,0.91733,0.91733,0.91733,0.91733,0.91733,0.91733,0.53793,0.91733,0.25707
eight_features,1,1825,0.3,0.91143,0.28248,0.49673,0.91143,0.9063,0.91143,0.91143,0.91143,0.91143,0.91143,0.91143,0.50803,0.91143,0.2435
eight_features,1,1825,0.4,0.89666,0.26882,0.48607,0.89666,0.88164,0.89666,0.89666,0.89666,0.89666,0.89666,0.89666,0.46168,0.89666,0.1688
eight_features,1,1825,0.5,0.876,0.24968,0.47113,0.876,0.85501,0.876,0.876,0.876,0.876,0.876,0.876,0.39508,0.876,0.14067
eight_features,2,730,0.05,0.7907,0.24857,0.3973,0.7907,0.77939,0.7907,0.7907,0.7907,0.78119,0.7907,0.7907,0.78119,0.7907,0.2768
eight_features,2,730,0.1,0.77907,0.24576,0.39445,0.77907,0.76869,0.77907,0.77907,0.77907,0.76956,0.77907,0.77907,0.76956,0.77907,0.26445
eight_features,2,730,0.15,0.76608,0.24262,0.39126,0.76608,0.74565,0.76608,0.76608,0.76608,0.75655,0.76608,0.76608,0.75655,0.76608,0.23175
eight_features,2,730,0.2,0.75146,0.2391,0.38768,0.75146,0.74095,0.75146,0.75146,0.75146,0.74192,0.75146,0.75146,0.74192,0.75146,0.2195
eight_features,2,730,0.25,0.73489,0.2351,0.38362,0.73489,0.72741,0.73489,0.73489,0.73489,0.72534,0.73489,0.73489,0.72534,0.73489,0.19799
eight_features,2,730,0.3,0.71595,0.23053,0.37897,0.71595,0.72359,0.71595,0.71595,0.70213,0.70639,0.71595,0.71595,0.71698,0.71595,0.14887
eight_features,2,730,0.4,0.66861,0.21911,0.36737,0.66861,0.68842,0.66861,0.66861,0.62587,0.66358,0.66861,0.66861,0.67293,0.66861,0.14953
eight_features,2,730,0.5,0.60233,0.20312,0.35112,0.60233,0.65006,0.60233,0.60233,0.08666,0.60191,0.60233,0.60233,0.60191,0.60233,0.09657
eight_features,2,1825,0.05,0.88698,0.29907,0.4486,0.88698,0.88698,0.88698,0.88698,0.88698,0.87755,0.88698,0.88698,0.87755,0.88698,0.37383
eight_features,2,1825,0.1,0.8807,0.29907,0.4486,0.8807,0.86355,0.8807,0.8807,0.8807,0.87126,0.8807,0.8807,0.87126,0.8807,0.36449
eight_features,2,1825,0.15,0.87368,0.29907,0.4486,0.87368,0.85717,0.87368,0.87368,0.87368,0.86424,0.87368,0.87368,0.86424,0.87368,0.3271
eight_features,2,1825,0.2,0.86579,0.29907,0.4486,0.86579,0.85,0.86579,0.86579,0.86579,0.85634,0.86579,0.86579,0.85634,0.86579,0.31776
eight_features,2,1825,0.25,0.85684,0.29907,0.4486,0.85684,0.84187,0.85684,0.85684,0.85684,0.84738,0.85684,0.85684,0.84738,0.85684,0.31776
eight_features,2,1825,0.3,0.84661,0.29907,0.4486,0.84661,0.83258,0.84661,0.84661,0.84661,0.83715,0.84661,0.84661,0.83715,0.84661,0.30841
eight_features,2,1825,0.4,0.82105,0.29907,0.4486,0.82105,0.77478,0.82105,0.82105,0.82105,0.81156,0.82105,0.82105,0.81156,0.82105,0.29907
eight_features,2,1825,0.5,0.78526,0.29907,0.4486,0.78526,0.76579,0.78526,0.78526,0.78526,0.78395,0.78526,0.78526,0.78395,0.78526,0.20489
eight_features,3,730,0.05,0.75332,0.22534,0.42659,0.75332,0.75332,0.75332,0.75332,0.75332,0.75332,0.75332,0.75332,0.52375,0.75332,0.26837
eight_features,3,730,0.1,0.73961,0.21968,0.42018,0.73961,0.73961,0.73961,0.73961,0.73961,0.73961,0.73961,0.73961,0.40212,0.73961,0.23063
eight_features,3,730,0.15,0.7243,0.21337,0.41301,0.7243,0.7243,0.7243,0.7243,0.7243,0.7243,0.7243,0.7243,0.3183,0.7243,0.1759
eight_features,3,730,0.2,0.70707,0.20626,0.40494,0.70707,0.70707,0.70707,0.70707,0.70707,0.70707,0.70707,0.70707,0.29517,0.70707,0.13995
eight_features,3,730,0.25,0.68754,0.1982,0.3958,0.68754,0.68754,0.68754,0.68754,0.68754,0.68754,0.68754,0.68754,0.26519,0.68754,0.13178
eight_features,3,730,0.3,0.66522,0.18899,0.38535,0.66522,0.66522,0.66522,0.66522,0.66522,0.66522,0.66522,0.66522,0.25421,0.66522,0.12651
eight_features,3,730,0.4,0.60942,0.16597,0.35924,0.60942,0.60942,0.60942,0.60942,0.61137,0.60942,0.60942,0.60942,0.1679,0.60942,0.07844
eight_features,3,730,0.5,0.5313,0.13375,0.32267,0.5313,0.5313,0.5313,0.5313,0.45284,0.5313,0.5313,0.5313,0.15516,0.5313,0.05207
eight_features,3,1825,0.05,0.93023,0.27622,0.48432,0.93023,0.93023,0.93023,0.93023,0.93023,0.93023,0.93023,0.93023,0.77937,0.93023,0.39969
eight_features,3,1825,0.1,0.92636,0.27339,0.48112,0.92636,0.92636,0.92636,0.92636,0.92636,0.92636,0.92636,0.92636,0.60676,0.92636,0.34879
eight_features,3,1825,0.15,0.92202,0.27023,0.47753,0.92202,0.92202,0.92202,0.92202,0.92202,0.92202,0.92202,0.92202,0.51479,0.92202,0.31187
eight_features,3,1825,0.2,0.91715,0.26668,0.4735,0.91715,0.91715,0.91715,0.91715,0.91715,0.91715,0.91715,0.91715,0.46455,0.91715,0.2781
eight_features,3,1825,0.25,0.91163,0.26265,0.46893,0.91163,0.91163,0.91163,0.91163,0.91163,0.91163,0.91163,0.91163,0.39895,0.91163,0.26548
eight_features,3,1825,0.3,0.90531,0.25805,0.4637,0.90531,0.90531,0.90531,0.90531,0.90531,0.90531,0.90531,0.90531,0.37597,0.90531,0.26175
eight_features,3,1825,0.4,0.88953,0.24654,0.45065,0.88953,0.88953,0.88953,0.88953,0.88953,0.88953,0.88953,0.88953,0.31482,0.88953,0.20092
eight_features,3,1825,0.5,0.86744,0.23043,0.43236,0.86744,0.86744,0.861,0.86744,0.86744,0.86744,0.86744,0.86744,0.28058,0.86744,0.16975
eight_features,4,730,0.05,0.8011,0.26756,0.44779,0.8011,0.8011,0.8011,0.8011,0.8011,0.8011,0.8011,0.8011,0.8011,0.8011,0.28064
eight_features,4,730,0.1,0.79005,0.26529,0.44411,0.79005,0.79005,0.79005,0.79005,0.79005,0.79005,0.79005,0.79005,0.79005,0.79005,0.21456
eight_features,4,730,0.15,0.7777,0.26275,0.44,0.7777,0.7777,0.7777,0.7777,0.7777,0.7777,0.7777,0.7777,0.7777,0.7777,0.17508
eight_features,4,730,0.2,0.76381,0.25989,0.43538,0.76381,0.76381,0.76381,0.76381,0.76381,0.76381,0.76381,0.76381,0.76381,0.76381,0.17259
eight_features,4,730,0.25,0.74806,0.25666,0.43013,0.74806,0.74806,0.74806,0.74806,0.74806,0.74806,0.74806,0.74806,0.74806,0.74806,0.16147
eight_features,4,730,0.3,0.73006,0.25296,0.42414,0.73006,0.73006,0.73006,0.73006,0.7395,0.73006,0.73006,0.73006,0.73006,0.73006,0.15226
eight_features,4,730,0.4,0.68507,0.24372,0.40916,0.68507,0.68507,0.68507,0.68507,0.62523,0.68507,0.68507,0.68507,0.68507,0.68507,0.08645
eight_features,4,730,0.5,0.62209,0.23078,0.38819,0.62209,0.62209,0.62209,0.62209,0.03115,0.62209,0.62209,0.62209,0.62209,0.62209,0.05919
eight_features,4,1825,0.05,0.9284,0.28798,0.49746,0.9284,0.9284,0.9284,0.9284,0.9284,0.9284,0.9284,0.9284,0.9284,0.9284,0.41384
eight_features,4,1825,0.1,0.92442,0.28685,0.49654,0.92442,0.92442,0.92442,0.92442,0.92442,0.92442,0.92442,0.92442,0.92442,0.92442,0.35685
eight_features,4,1825,0.15,0.91997,0.28558,0.49551,0.91997,0.91997,0.91997,0.91997,0.91997,0.91997,0.91997,0.91997,0.91997,0.91997,0.31918
eight_features,4,1825,0.2,0.91497,0.28415,0.49436,0.91497,0.91497,0.91497,0.91497,0.91497,0.91497,0.91497,0.91497,0.91497,0.91497,0.29936
eight_features,4,1825,0.25,0.9093,0.28254,0.49305,0.9093,0.9093,0.9093,0.9093,0.9093,0.9093,0.9093,0.9093,0.9093,0.9093,0.27216
eight_features,4,1825,0.3,0.90282,0.28069,0.49155,0.90282,0.90282,0.90282,0.90282,0.90282,0.90282,0.90282,0.90282,0.90282,0.90282,0.24149
eight_features,4,1825,0.4,0.88663,0.27607,0.4878,0.88663,0.88663,0.88663,0.88663,0.88663,0.88663,0.88663,0.88663,0.88663,0.88663,0.18671
eight_features,4,1825,0.5,0.86395,0.2696,0.48256,0.86395,0.86395,0.84053,0.86395,0.86395,0.86395,0.86395,0.86395,0.86395,0.86395,0.18106
eight_features,5,730,0.05,0.85361,0.25874,0.38408,0.85361,0.85361,0.85361,0.85361,0.85361,0.85361,0.85361,0.85361,0.85361,0.85361,0.25819
eight_features,5,730,0.1,0.84548,0.25598,0.38153,0.84548,0.84548,0.84548,0.84548,0.84548,0.84548,0.84548,0.84548,0.84548,0.84548,0.2277
eight_features,5,730,0.15,0.83639,0.2529,0.37869,0.83639,0.83639,0.83639,0.83639,0.83639,0.83639,0.83639,0.83639,0.83639,0.83639,0.16074
eight_features,5,730,0.2,0.82616,0.24943,0.37549,0.82616,0.82616,0.82616,0.82616,0.82616,0.82616,0.82616,0.82616,0.81671,0.82616,0.14801
eight_features,5,730,0.25,0.81457,0.24549,0.37186,0.81457,0.81457,0.81457,0.81457,0.81457,0.81457,0.81457,0.81457,0.80512,0.81457,0.09934
eight_features,5,730,0.3,0.80133,0.241,0.36771,0.80133,0.80133,0.80133,0.80133,0.81425,0.80133,0.80133,0.80133,0.79187,0.80133,0.09034
eight_features,5,730,0.4,0.76822,0.22977,0.35735,0.76822,0.76822,0.76822,0.76822,0.77118,0.76822,0.76822,0.76822,0.75873,0.76822,0.06161
eight_features,5,730,0.5,0.72186,0.21404,0.34283,0.72186,0.72186,0.72186,0.7024,0.55234,0.72186,0.72186,0.72186,0.70025,0.72186,0.04206
eight_features,5,1825,0.05,0.97212,0.25874,0.38408,0.97212,0.97212,0.96277,0.97212,0.97212,0.97212,0.97212,0.97212,0.97212,0.97212,0.32378
eight_features,5,1825,0.1,0.97057,0.25598,0.38153,0.97057,0.97057,0.96122,0.97057,0.97057,0.97057,0.97057,0.97057,0.97057,0.97057,0.27461
eight_features,5,1825,0.15,0.96884,0.2529,0.37869,0.96884,0.96884,0.95949,0.96884,0.96884,0.96884,0.96884,0.96884,0.96884,0.96884,0.25338
eight_features,5,1825,0.2,0.96689,0.24943,0.37549,0.96689,0.96689,0.95754,0.96689,0.96689,0.96689,0.96689,0.96689,0.96689,0.96689,0.24108
eight_features,5,1825,0.25,0.96468,0.24549,0.37186,0.96468,0.96468,0.95533,0.96468,0.96468,0.96468,0.96468,0.96468,0.95531,0.96468,0.2285
eight_features,5,1825,0.3,0.96216,0.241,0.36771,0.96216,0.96216,0.95281,0.96216,0.96216,0.96216,0.96216,0.96216,0.95279,0.96216,0.21532
eight_features,5,1825,0.4,0.95585,0.22977,0.35735,0.95585,0.95585,0.94651,0.95585,0.95585,0.95585,0.95585,0.95585,0.94648,0.95585,0.13816
eight_features,5,1825,0.5,0.94702,0.21404,0.34283,0.94702,0.94702,0.93768,0.94702,0.94702,0.94702,0.94702,0.94702,0.93764,0.94702,0.11345
twenty_features_heterogeneous,1,730,0.05,0.69912,0.17535,0.35421,0.69912,0.69912,0.69912,0.69912,0.69819,0.69912,0.69912,0.69912,0.69873,0.69912,
twenty_features_heterogeneous,1,730,0.1,0.6824,0.17216,0.34691,0.6824,0.68356,0.6824,0.6824,0.36333,0.6824,0.6824,0.6824,0.68201,0.6824,
twenty_features_heterogeneous,1,730,0.15,0.66372,0.1686,0.33875,0.66372,0.66917,0.66372,0.66372,0.08934,0.66377,0.66372,0.66353,0.66333,0.66372,
twenty_features_heterogeneous,1,730,0.2,0.6427,0.16459,0.32958,0.6427,0.65734,0.6427,0.6427,0.02659,0.64276,0.6427,0.64251,0.64231,0.6427,
twenty_features_heterogeneous,1,730,0.25,0.61888,0.16005,0.31918,0.61888,0.64247,0.61888,0.61888,,0.61878,0.61888,0.6185,0.61855,0.61888,
twenty_features_heterogeneous,1,730,0.3,0.59166,0.15486,0.30729,0.59166,0.62908,0.59166,0.59166,0.0,0.59159,0.59166,0.59144,0.59146,0.59166,
twenty_features_heterogeneous,1,730,0.4,0.52361,0.14189,0.27757,0.52361,0.60188,0.52361,0.52361,0.0,0.52408,0.52341,0.52417,0.52333,0.52361,
twenty_features_heterogeneous,1,730,0.5,0.42833,0.12372,0.23596,0.42833,0.55811,0.42833,0.42833,0.0,0.42928,0.42939,0.42801,0.42825,0.42833,
twenty_features_heterogeneous,1,1825,0.05,0.84715,0.20631,0.42186,0.84715,0.84715,0.84695,0.84715,0.84695,0.84715,0.84715,0.84715,0.84676,0.84715,
twenty_features_heterogeneous,1,1825,0.1,0.83865,0.20484,0.41832,0.83865,0.83865,0.8376,0.83865,0.83753,0.83865,0.83865,0.83865,0.83827,0.83865,
twenty_features_heterogeneous,1,1825,0.15,0.82916,0.2032,0.41436,0.82916,0.82916,0.82548,0.82916,0.43953,0.82916,0.82916,0.82916,0.82878,0.82916,
twenty_features_heterogeneous,1,1825,0.2,0.81849,0.20136,0.40991,0.81849,0.81849,0.81297,0.81849,0.15375,0.81828,0.81849,0.81849,0.8181,0.81849,
twenty_features_heterogeneous,1,1825,0.25,0.80639,0.19927,0.40486,0.80639,0.80639,0.79586,0.80639,0.06008,0.80618,0.80639,0.806,0.806,0.80639,
twenty_features_heterogeneous,1,1825,0.3,0.79256,0.19688,0.39909,0.79256,0.79256,0.77908,0.79256,0.00391,0.79235,0.79256,0.79194,0.79217,0.79256,
twenty_features_heterogeneous,1,1825,0.4,0.75798,0.1909,0.38467,0.75798,0.76768,0.72517,0.75798,0.0,0.7574,0.75798,0.75774,0.75767,0.75798,
twenty_features_heterogeneous,1,1825,0.5,0.70958,0.18254,0.36449,0.70958,0.74008,0.65597,0.70958,0.0,0.70943,0.70958,0.70974,0.7095,0.70958,
twenty_features_heterogeneous,2,730,0.05,0.7216,0.1713,0.3537,0.6708,0.6906,0.7171,0.6697,0.6678,0.6981,0.7232,0.6696,0.7281,0.7163,
twenty_features_heterogeneous,2,730,0.1,0.7018,0.1696,0.3362,0.6531,0.6903,0.6529,0.6965,0.3686,0.7132,0.7058,0.7163,0.6707,0.6635,
twenty_features_heterogeneous,2,730,0.15,0.6381,0.1679,0.3258,0.6502,0.6425,0.6835,0.6311,0.0898,0.655,0.6901,0.6352,0.6662,0.6726,
twenty_features_heterogeneous,2,730,0.2,0.659,0.1622,0.336,0.6539,0.6852,0.6111,0.6492,0.0269,0.6467,0.6638,0.6233,0.6194,0.6727,
twenty_features_heterogeneous,2,730,0.25,0.6276,0.1647,0.3252,0.5976,0.6332,0.632,0.6361,,0.602,0.6084,0.5982,0.6064,0.5961,
twenty_features_heterogeneous,2,730,0.3,0.6174,0.1525,0.2996,0.5765,0.6353,0.6154,0.5999,0.0,0.5858,0.5934,0.5634,0.6023,0.5901,
twenty_features_heterogeneous,2,730,0.4,0.5448,0.1469,0.2881,0.5098,0.586,0.5028,0.4989,0.0,0.5223,0.5323,0.5193,0.5043,0.5257,
twenty_features_heterogeneous,2,730,0.5,0.4189,0.1244,0.2243,0.4084,0.5453,0.4077,0.4122,0.0,0.4109,0.4418,0.4317,0.4462,0.4176,
twenty_features_heterogeneous,2,1825,0.05,0.8616,0.2124,0.4131,0.836,0.8354,0.8276,0.8748,0.8289,0.8231,0.8077,0.8713,0.8878,0.8256,
twenty_features_heterogeneous,2,1825,0.1,0.8532,0.1997,0.4011,0.8221,0.8392,0.7994,0.7982,0.8583,0.8438,0.8325,0.8657,0.8068,0.8068,
twenty_features_heterogeneous,2,1825,0.15,0.7996,0.1968,0.4166,0.8013,0.8417,0.8351,0.8439,0.426,0.8547,0.8397,0.8578,0.8185,0.8159,
twenty_features_heterogeneous,2,1825,0.2,0.7866,0.2079,0.4104,0.8492,0.8007,0.8085,0.8219,0.1463,0.8341,0.7928,0.7891,0.8438,0.8288,
twenty_features_heterogeneous,2,1825,0.25,0.8303,0.2082,0.3927,0.8074,0.7736,0.7621,0.7769,0.0617,0.8074,0.8059,0.8125,0.7738,0.7782,
twenty_features_heterogeneous,2,1825,0.3,0.8239,0.2002,0.4056,0.8185,0.7598,0.8172,0.7794,0.0041,0.7892,0.814,0.793,0.8062,0.768,
twenty_features_heterogeneous,2,1825,0.4,0.7842,0.1978,0.373,0.7689,0.7757,0.721,0.7483,0.0,0.7864,0.771,0.7659,0.7366,0.7518,
twenty_features_heterogeneous,2,1825,0.5,0.6939,0.1859,0.3527,0.7182,0.747,0.6327,0.7191,0.0,0.7436,0.7142,0.7066,0.7324,0.6914,
twenty_features_heterogeneous,3,730,0.05,0.6878,0.1723,0.3398,0.676,0.6677,0.7013,0.687,0.6822,0.7032,0.708,0.7092,0.6956,0.7176,
twenty_features_heterogeneous,3,730,0.1,0.6722,0.1654,0.3454,0.6721,0.6841,0.7056,0.6841,0.3704,0.6697,0.7145,0.6917,0.6742,0.6781,
twenty_features_heterogeneous,3,730,0.15,0.6655,0.1623,0.3317,0.6719,0.6657,0.6835,0.6718,0.0924,0.6834,0.659,0.6856,0.6912,0.6584,
twenty_features_heterogeneous,3,730,0.2,0.6664,0.1703,0.3449,0.6269,0.6641,0.654,0.6607,0.0272,0.6357,0.6224,0.668,0.6169,0.6685,
twenty_features_heterogeneous,3,730,0.25,0.6041,0.1576,0.3062,0.5952,0.6415,0.6132,0.6293,,0.6096,0.6015,0.6125,0.6283,0.6049,
twenty_features_heterogeneous,3,730,0.3,0.5841,0.1494,0.3105,0.5751,0.6368,0.5974,0.5789,0.0,0.6157,0.5762,0.5855,0.5867,0.5962,
twenty_features_heterogeneous,3,730,0.4,0.5071,0.1398,0.2758,0.5091,0.6196,0.5421,0.5058,0.0,0.5041,0.5073,0.5067,0.5278,0.5496,
twenty_features_heterogeneous,3,730,0.5,0.4106,0.128,0.2397,0.4073,0.5521,0.4231,0.4142,0.0,0.4222,0.4148,0.4389,0.4121,0.4178,
twenty_features_heterogeneous,3,1825,0.05,0.8889,0.201,0.4336,0.8178,0.8587,0.8303,0.8087,0.8309,0.8668,0.8589,0.8516,0.8513,0.8172,
twenty_features_heterogeneous,3,1825,0.1,0.805,0.1993,0.4096,0.8634,0.7972,0.8119,0.8749,0.8696,0.8793,0.8616,0.8458,0.8174,0.8132,
twenty_features_heterogeneous,3,1825,0.15,0.8285,0.2125,0.4331,0.8232,0.8507,0.851,0.8254,0.4588,0.8321,0.8472,0.8587,0.8491,0.8508,
twenty_features_heterogeneous,3,1825,0.2,0.8015,0.192,0.3956,0.8122,0.7902,0.798,0.819,0.1548,0.7788,0.8091,0.8446,0.8274,0.789,
twenty_features_heterogeneous,3,1825,0.25,0.7761,0.1982,0.3955,0.8052,0.8265,0.8215,0.7838,0.0619,0.7862,0.7667,0.7885,0.7805,0.833,
twenty_features_heterogeneous,3,1825,0.3,0.828,0.2047,0.3938,0.8224,0.7843,0.7461,0.7575,0.0039,0.8206,0.8277,0.7822,0.7856,0.7959,
twenty_features_heterogeneous,3,1825,0.4,0.7682,0.1927,0.3694,0.7208,0.7836,0.7124,0.7204,0.0,0.7676,0.7342,0.7853,0.7696,0.7737,
twenty_features_heterogeneous,3,1825,0.5,0.7417,0.1773,0.3766,0.6951,0.7637,0.6525,0.736,0.0,0.7332,0.6998,0.7142,0.7422,0.6774,
twenty_features_heterogeneous,4,730,0.05,0.708,0.1797,0.3484,0.6727,0.7324,0.7109,0.6714,0.684,0.6965,0.6951,0.7144,0.7108,0.7187,
twenty_features_heterogeneous,4,730,0.1,0.7152,0.17,0.345,0.7129,0.6655,0.689,0.7054,0.3492,0.7033,0.6789,0.6947,0.6861,0.7098,
twenty_features_heterogeneous,4,730,0.15,0.6549,0.1624,0.3285,0.6843,0.6358,0.6884,0.6751,0.0904,0.6451,0.6886,0.6481,0.6468,0.6921,
twenty_features_heterogeneous,4,730,0.2,0.6748,0.167,0.3415,0.6676,0.6447,0.6388,0.6495,0.0261,0.6505,0.6128,0.6337,0.643,0.6345,
twenty_features_heterogeneous,4,730,0.25,0.619,0.1548,0.3161,0.6372,0.6205,0.5966,0.5888,,0.6457,0.6179,0.6144,0.6022,0.596,
twenty_features_heterogeneous,4,730,0.3,0.6022,0.1623,0.3153,0.6185,0.6387,0.576,0.6212,0.0,0.5982,0.5868,0.5755,0.5937,0.5956,
twenty_features_heterogeneous,4,730,0.4,0.532,0.1464,0.2648,0.4988,0.5865,0.5058,0.5222,0.0,0.5172,0.5252,0.5224,0.5103,0.5097,
twenty_features_heterogeneous,4,730,0.5,0.4449,0.1258,0.2297,0.4189,0.5565,0.418,0.4387,0.0,0.4387,0.4397,0.435,0.4226,0.4467,
twenty_features_heterogeneous,4,1825,0.05,0.8197,0.2049,0.4141,0.857,0.8353,0.8238,0.807,0.8621,0.8727,0.8221,0.8793,0.8324,0.8745,
twenty_features_heterogeneous,4,1825,0.1,0.812,0.2077,0.4074,0.8141,0.8797,0.8072,0.8421,0.8213,0.8503,0.7998,0.8768,0.8479,0.8296,
twenty_features_heterogeneous,4,1825,0.15,0.8033,0.1987,0.3953,0.8609,0.8176,0.8195,0.815,0.4378,0.8629,0.8384,0.7881,0.8443,0.839,
twenty_features_heterogeneous,4,1825,0.2,0.8076,0.1937,0.415,0.7869,0.7965,0.8482,0.8071,0.1589,0.7978,0.8352,0.7828,0.8493,0.7851,
twenty_features_heterogeneous,4,1825,0.25,0.8172,0.1957,0.3891,0.7769,0.8106,0.7806,0.7864,0.0618,0.8253,0.8296,0.7972,0.8279,0.8089,
twenty_features_heterogeneous,4,1825,0.3,0.8134,0.1886,0.4156,0.7856,0.7543,0.7685,0.7794,0.0041,0.7973,0.8206,0.8265,0.7687,0.7738,
twenty_features_heterogeneous,4,1825,0.4,0.7387,0.194,0.3964,0.7206,0.7585,0.7148,0.7592,0.0,0.775,0.7316,0.7549,0.7254,0.7794,
twenty_features_heterogeneous,4,1825,0.5,0.7193,0.1798,0.3577,0.7314,0.7398,0.6239,0.7103,0.0,0.7172,0.7048,0.6985,0.6781,0.7254,
twenty_features_heterogeneous,5,730,0.05,0.7335,0.1836,0.3663,0.6939,0.7195,0.6929,0.7091,0.7062,0.7158,0.7118,0.7246,0.6757,0.7252,
twenty_features_heterogeneous,5,730,0.1,0.7138,0.1717,0.3453,0.6892,0.6709,0.7014,0.6956,0.3774,0.6578,0.6583,0.6657,0.6716,0.6708,
twenty_features_heterogeneous,5,730,0.15,0.6821,0.1767,0.3473,0.6395,0.6881,0.6401,0.6826,0.0906,0.6439,0.6482,0.6606,0.6831,0.657,
twenty_features_heterogeneous,5,730,0.2,0.6208,0.1647,0.3396,0.631,0.6459,0.6692,0.6447,0.0255,0.6166,0.6312,0.6201,0.6359,0.612,
twenty_features_heterogeneous,5,730,0.25,0.5976,0.1607,0.3082,0.6001,0.6608,0.6498,0.5899,,0.6077,0.6301,0.6277,0.6252,0.5899,
twenty_features_heterogeneous,5,730,0.3,0.5783,0.1502,0.2964,0.5731,0.609,0.6209,0.592,0.0,0.6093,0.5682,0.6077,0.579,0.5825,
twenty_features_heterogeneous,5,730,0.4,0.5212,0.1381,0.2908,0.5192,0.5883,0.5059,0.536,0.0,0.5085,0.5167,0.5133,0.5322,0.5181,
twenty_features_heterogeneous,5,730,0.5,0.4362,0.1224,0.2455,0.4398,0.5794,0.4424,0.4165,0.0,0.4337,0.41,0.419,0.4468,0.4335,
twenty_features_heterogeneous,5,1825,0.05,0.8317,0.2019,0.4141,0.8381,0.8295,0.8254,0.8536,0.8068,0.8703,0.8202,0.8415,0.8205,0.8338,
twenty_features_heterogeneous,5,1825,0.1,0.8675,0.1966,0.4225,0.8504,0.7969,0.8175,0.8806,0.8494,0.7987,0.8362,0.8368,0.8639,0.801,
twenty_features_heterogeneous,5,1825,0.15,0.7995,0.1964,0.4038,0.8567,0.8453,0.8053,0.8002,0.4455,0.8044,0.8019,0.8258,0.8598,0.8587,
twenty_features_heterogeneous,5,1825,0.2,0.8194,0.1968,0.4012,0.7982,0.8504,0.7884,0.8592,0.1509,0.8198,0.8452,0.8394,0.8004,0.8452,
twenty_features_heterogeneous,5,1825,0.25,0.7925,0.2038,0.3904,0.8113,0.8194,0.8232,0.8362,0.0612,0.7892,0.7735,0.7829,0.8338,0.8422,
twenty_features_heterogeneous,5,1825,0.3,0.8189,0.1971,0.4,0.7745,0.7547,0.7758,0.832,0.0039,0.7742,0.8202,0.7946,0.7558,0.7831,
twenty_features_heterogeneous,5,1825,0.4,0.7897,0.1824,0.3827,0.786,0.7559,0.7465,0.7442,0.0,0.7492,0.7616,0.7809,0.7714,0.7856,
twenty_features_heterogeneous,5,1825,0.5,0.7265,0.1872,0.3537,0.7398,0.7587,0.6832,0.6956,0.0,0.6753,0.7219,0.682,0.7079,0.7096,
