scenario,model,n_reps,c_index_diff_mean,c_index_reps_better_excl0,c_index_reps_worse_excl0,brier_diff_mean,brier_reps_better_excl0,brier_reps_worse_excl0,auc_diff_mean,auc_reps_better_excl0,auc_reps_worse_excl0
four_features,Cox,5,0.005,0,0,-0.18132,5,0,0.0033,0,0
four_features,Dynamic DeepHit,5,0.30632,5,0,-0.30158,5,0,0.38584,5,0
four_features,Hazard Transformer,5,0.049800000000000004,3,0,-0.15460000000000002,5,0,0.09232,5,0
four_features,Logistic Hazard,5,0.01846,0,0,-0.18376,5,0,0.024,0,0
four_features,RNN-Surv,5,-0.009680000000000001,0,1,-0.04062,1,0,-0.02304,0,0
four_features,DeepSurv,5,-0.0375,0,1,-0.18654,5,0,-0.05666,0,1
four_features,GBSA,5,-0.00166,0,0,-0.18426,5,0,-0.00852,0,0
four_features,Survival RF,5,0.00508,0,0,-0.18874,5,0,0.00162,0,0
four_features,Survival SVM,5,0.00554,0,0,-0.18636,5,0,0.0019000000000000006,0,0
four_features,Weibull AFT,5,0.005300000000000001,0,0,-0.1794,5,0,0.0010800000000000002,0,0
eight_features,Cox,5,0.02524,0,0,-0.28508,5,0,0.029160000000000002,0,0
eight_features,Dynamic DeepHit,5,0.30291999999999997,5,0,-0.39078,5,0,0.39048,5,0
eight_features,Hazard Transformer,5,0.0001199999999999997,0,0,-0.2693,5,0,0.01294,0,0
eight_features,Logistic Hazard,5,0.0014200000000000007,0,0,-0.2793,4,0,-0.0168,0,0
eight_features,RNN-Surv,5,0.01924,0,0,-0.22614,5,0,0.04814,0,0
eight_features,DeepSurv,5,0.012400000000000001,0,0,-0.31442000000000003,5,0,-0.00398,0,0
eight_features,GBSA,5,-0.00472,0,0,-0.28826,4,0,0.0022400000000000002,0,0
eight_features,Survival RF,5,0.00804,0,0,-0.3092,5,0,0.01168,0,0
eight_features,Survival SVM,5,-0.0222,0,0,-0.186,3,1,-0.0315,0,0
eight_features,Weibull AFT,5,0.008480000000000001,0,0,-0.30054,5,0,0.02058,1,0
