scenario,rep,model,c_index,brier,brier_source,auc,brier_730,brier_1825,c_index_lo,c_index_hi,brier_lo,brier_hi,auc_lo,auc_hi,provenance
four_features,1,Cox,0.5481,0.24963,native,0.5495,0.23791,0.14168,0.4999,0.5954,0.228,0.2731,0.4807,0.6173,report
four_features,1,Dynamic DeepHit,0.8511,0.14963,native,0.9411,0.1805,0.14811,0.8198,0.8794,0.1209,0.1772,0.9137,0.9575,report
four_features,1,Hazard Transformer,0.5773,0.29479,native,0.6182,0.36016,,0.5268,0.6285,0.2578,0.3334,0.5508,0.6803,report
four_features,1,Logistic Hazard,0.5621,0.25991,native,0.5632,0.26936,0.16144,0.5176,0.6047,0.2342,0.2878,0.5036,0.6298,report
four_features,1,RNN-Surv,0.546,0.43173,native,0.5349,0.45954,0.4538,0.4946,0.5925,0.3839,0.4753,0.4658,0.6006,report
four_features,1,DeepSurv,0.5313,0.24554,fitted-conversion,0.5206,,,0.4839,0.5788,0.2325,0.2588,0.4497,0.5849,report
four_features,1,GBSA,0.543,0.24854,native,0.5291,0.23012,0.13893,0.4942,0.5949,0.2347,0.2625,0.466,0.5986,report
four_features,1,Survival RF,0.5474,0.24501,native,0.5443,0.22704,0.13738,0.4982,0.5953,0.2309,0.26,0.4782,0.6096,report
four_features,1,Survival SVM,0.5525,0.25022,fitted-conversion,0.5531,,,0.5027,0.6036,0.2331,0.2682,0.4881,0.6153,report
four_features,1,Weibull AFT,0.5627,0.25217,native,0.5603,0.23611,0.13824,0.5151,0.6133,0.2297,0.2766,0.4975,0.6247,report
four_features,1,KFRE,0.5383,0.43367,fitted-conversion,0.5458,0.58438,0.66704,0.4917,0.5868,0.3795,0.4866,0.4855,0.6149,report
four_features,2,Cox,0.5835,0.25087,native,0.6091,0.24773,0.13192,0.5348,0.6353,0.2278,0.2761,0.5422,0.6772,report
four_features,2,Dynamic DeepHit,0.8622,0.10425,native,0.9649,0.13473,0.11483,0.833,0.8848,0.0893,0.1221,0.9453,0.9766,report
four_features,2,Hazard Transformer,0.626,0.29135,native,0.6953,0.37799,,0.58,0.6736,0.257,0.3293,0.6317,0.7537,report
four_features,2,Logistic Hazard,0.5797,0.23888,native,0.6082,0.2328,0.13017,0.5314,0.6279,0.2242,0.2543,0.5386,0.6721,report
four_features,2,RNN-Surv,0.5137,0.35231,native,0.5203,0.36519,0.34502,0.4611,0.5596,0.3174,0.3876,0.4465,0.5862,report
four_features,2,DeepSurv,0.4778,0.24202,fitted-conversion,0.4689,,,0.4302,0.5241,0.2277,0.2568,0.3968,0.5351,report
four_features,2,GBSA,0.5804,0.23478,native,0.598,0.22814,0.12685,0.5325,0.6259,0.2214,0.2486,0.5348,0.6659,report
four_features,2,Survival RF,0.5853,0.2312,native,0.6025,0.22678,0.12521,0.5335,0.6348,0.2165,0.2467,0.5338,0.6682,report
four_features,2,Survival SVM,0.5504,0.2411,fitted-conversion,0.5639,,,0.5013,0.5986,0.224,0.2582,0.4988,0.6281,report
four_features,2,Weibull AFT,0.5574,0.25356,native,0.5721,0.24639,0.13046,0.5078,0.6056,0.2301,0.2793,0.5061,0.6379,report
four_features,2,KFRE,0.5847,0.37824,fitted-conversion,0.6121,0.52183,0.63501,0.536,0.6359,0.3265,0.4345,0.5425,0.6824,report
four_features,3,Cox,0.5397,0.24804,native,0.5453,0.23742,0.13764,0.4909,0.5893,0.2248,0.2727,0.4741,0.616,report
four_features,3,Dynamic DeepHit,0.8562,0.11957,native,0.9552,0.14122,0.11679,0.8308,0.881,0.0986,0.1432,0.9305,0.9698,report
four_features,3,Hazard Transformer,0.5776,0.27932,native,0.6265,0.35457,,0.5283,0.6262,0.2455,0.3157,0.5559,0.6915,report
four_features,3,Logistic Hazard,0.561,0.25447,native,0.5772,0.25374,0.1505,0.5168,0.6062,0.2299,0.2793,0.5105,0.6442,report
four_features,3,RNN-Surv,0.5201,0.43239,native,0.4996,0.46829,0.49497,0.4758,0.5653,0.3864,0.4763,0.4355,0.5671,report
four_features,3,DeepSurv,0.5196,0.24265,fitted-conversion,0.5208,,,0.472,0.5682,0.2294,0.2563,0.4566,0.587,report
four_features,3,GBSA,0.5293,0.24154,native,0.5331,0.23045,0.13309,0.4819,0.5799,0.2276,0.2558,0.4713,0.6003,report
four_features,3,Survival RF,0.5355,0.239,native,0.537,0.22977,0.13232,0.4873,0.5868,0.2234,0.2554,0.4689,0.6039,report
four_features,3,Survival SVM,0.5397,0.25107,fitted-conversion,0.5432,,,0.4897,0.595,0.2315,0.2709,0.4727,0.6158,report
four_features,3,Weibull AFT,0.5319,0.25061,native,0.5362,0.23635,0.13572,0.4796,0.5855,0.2263,0.2771,0.4647,0.6088,report
four_features,3,KFRE,0.5335,0.44308,fitted-conversion,0.5389,0.58019,0.63741,0.4882,0.5822,0.3871,0.4965,0.4692,0.609,report
four_features,4,Cox,0.5387,0.25702,native,0.5547,0.24752,0.14667,0.4914,0.5885,0.2328,0.2825,0.4872,0.6201,report
four_features,4,Dynamic DeepHit,0.8215,0.14613,native,0.9276,0.17317,0.13015,0.7887,0.8525,0.1172,0.1745,0.8951,0.9494,report
four_features,4,Hazard Transformer,0.6107,0.24961,native,0.6817,0.37485,,0.5629,0.6573,0.2331,0.2661,0.6176,0.7378,report
four_features,4,Logistic Hazard,0.5498,0.24316,native,0.5797,0.23245,0.14171,0.495,0.6007,0.228,0.2601,0.5048,0.6455,report
four_features,4,RNN-Surv,0.5617,0.31597,native,0.5779,0.31139,0.26178,0.5121,0.6087,0.2867,0.346,0.507,0.6389,report
four_features,4,DeepSurv,0.4987,0.24531,fitted-conversion,0.4875,,,0.4501,0.5468,0.2325,0.2588,0.4194,0.5559,report
four_features,4,GBSA,0.5123,0.26745,native,0.5315,0.26115,0.15011,0.463,0.562,0.2458,0.2913,0.4635,0.5941,report
four_features,4,Survival RF,0.5432,0.2572,native,0.5675,0.25197,0.15048,0.4914,0.592,0.2379,0.2778,0.4936,0.6356,report
four_features,4,Survival SVM,0.5539,0.24439,fitted-conversion,0.573,,,0.5054,0.6,0.2297,0.2604,0.5055,0.6332,report
four_features,4,Weibull AFT,0.5458,0.25723,native,0.5628,0.24522,0.14122,0.4998,0.5936,0.2328,0.2828,0.4947,0.6241,report
four_features,4,KFRE,0.5352,0.45918,fitted-conversion,0.5539,0.57156,0.69042,0.484,0.5874,0.4005,0.513,0.4884,0.6223,report
four_features,5,Cox,0.54,0.24944,native,0.5471,0.22797,0.09909,0.4936,0.5885,0.2257,0.2743,0.4819,0.612,report
four_features,5,Dynamic DeepHit,0.868,0.13508,native,0.946,0.15516,0.09765,0.8392,0.895,0.1151,0.1557,0.9169,0.9639,report
four_features,5,Hazard Transformer,0.5834,0.27288,native,0.6355,0.33514,,0.5414,0.6306,0.2414,0.3065,0.579,0.6975,report
four_features,5,Logistic Hazard,0.5654,0.24657,native,0.5827,0.22806,0.10639,0.518,0.6135,0.2321,0.2623,0.5165,0.6447,report
four_features,5,RNN-Surv,0.5363,0.42859,native,0.5435,0.47379,0.46258,0.4886,0.5828,0.3842,0.47,0.4742,0.6093,report
four_features,5,DeepSurv,0.5112,0.25429,fitted-conversion,0.5109,,,0.4621,0.5606,0.2367,0.2729,0.4446,0.5752,report
four_features,5,GBSA,0.5519,0.24885,native,0.5526,0.23329,0.10514,0.504,0.5965,0.2284,0.2704,0.4886,0.6179,report
four_features,5,Survival RF,0.5396,0.24586,native,0.5451,0.22703,0.10445,0.4989,0.5852,0.2297,0.2623,0.4888,0.6093,report
four_features,5,Survival SVM,0.557,0.2439,fitted-conversion,0.5683,,,0.51,0.6051,0.2291,0.2591,0.5019,0.6322,report
four_features,5,Weibull AFT,0.5537,0.25097,native,0.5646,0.22738,0.10559,0.507,0.6022,0.2266,0.2767,0.4997,0.6319,report
four_features,5,KFRE,0.5326,0.44928,fitted-conversion,0.5373,0.6014,0.65964,0.485,0.5801,0.3997,0.5014,0.4727,0.6019,report
eight_features,1,Cox,0.5363,0.32663,native,0.563,0.29425,0.05163,0.4642,0.6138,0.2137,0.4458,0.4522,0.6709,report
eight_features,1,Dynamic DeepHit,0.8331,0.16505,native,0.9315,0.16016,0.06317,0.7904,0.8742,0.111,0.229,0.8687,0.9732,report
eight_features,1,Hazard Transformer,0.4962,0.34404,native,0.4885,0.3267,,0.4188,0.5686,0.2236,0.472,0.369,0.5905,report
eight_features,1,Logistic Hazard,0.4947,0.36126,native,0.4332,0.32658,0.05309,0.4179,0.5729,0.2359,0.4947,0.3159,0.5566,report
eight_features,1,RNN-Surv,0.5427,0.30332,native,0.5657,0.28436,0.13823,0.4759,0.6126,0.2728,0.3339,0.4589,0.6724,report
eight_features,1,DeepSurv,0.5485,0.26757,fitted-conversion,0.5488,,,0.4644,0.6281,0.1886,0.3521,0.4255,0.6689,report
eight_features,1,GBSA,0.4974,0.37293,native,0.5304,0.32322,0.05312,0.4171,0.5761,0.2475,0.507,0.4096,0.643,report
eight_features,1,Survival RF,0.5229,0.27503,native,0.5518,0.25374,0.05881,0.4435,0.6073,0.1923,0.3637,0.4319,0.6731,report
eight_features,1,Survival SVM,0.4454,0.59281,fitted-conversion,0.4346,,,0.3633,0.5262,0.4883,0.6897,0.3139,0.5626,report
eight_features,1,Weibull AFT,0.5435,0.30123,native,0.5772,0.27449,0.05089,0.4712,0.6162,0.2022,0.4079,0.4669,0.6853,report
eight_features,1,KFRE,0.4825,0.51269,fitted-conversion,0.4642,0.67416,0.71226,0.4136,0.554,0.4062,0.612,0.3616,0.5765,report
eight_features,2,Cox,0.5619,0.19247,native,0.59,0.16425,0.11869,0.4826,0.6378,0.1188,0.2766,0.4759,0.7085,report
eight_features,2,Dynamic DeepHit,0.7613,0.13489,native,0.8765,0.12192,0.12105,0.6995,0.8167,0.0917,0.1887,0.7808,0.9557,report
eight_features,2,Hazard Transformer,0.5412,0.19146,native,0.5387,0.19423,,0.468,0.6155,0.1365,0.2521,0.4134,0.6612,report
eight_features,2,Logistic Hazard,0.5537,0.21556,native,0.5864,0.19083,0.12631,0.4804,0.6318,0.1362,0.3024,0.4815,0.7003,report
eight_features,2,RNN-Surv,0.5431,0.32737,native,0.5929,0.28583,0.15301,0.4659,0.6156,0.2917,0.3609,0.4778,0.7074,report
eight_features,2,DeepSurv,0.48,0.19808,fitted-conversion,0.462,,,0.4091,0.5614,0.1404,0.2598,0.3506,0.5906,report
eight_features,2,GBSA,0.5292,0.19868,native,0.5388,0.17117,0.12442,0.4496,0.6075,0.1343,0.268,0.4194,0.6566,report
eight_features,2,Survival RF,0.5462,0.20013,native,0.5375,0.16684,0.12021,0.4646,0.6237,0.1401,0.2693,0.4157,0.6599,report
eight_features,2,Survival SVM,0.5251,0.19445,fitted-conversion,0.5003,,,0.4463,0.6031,0.1405,0.254,0.3789,0.6273,report
eight_features,2,Weibull AFT,0.5251,0.18913,native,0.5686,0.16343,0.11336,0.4543,0.6045,0.1223,0.2667,0.4517,0.6886,report
eight_features,2,KFRE,0.546,0.53602,fitted-conversion,0.5538,0.64276,0.64343,0.4648,0.6233,0.4359,0.6397,0.4341,0.665,report
eight_features,3,Cox,0.547,0.27951,native,0.5132,0.21332,0.05924,0.4685,0.6228,0.1885,0.3896,0.397,0.6247,report
eight_features,3,Dynamic DeepHit,0.8485,0.14173,native,0.9233,0.139,0.05959,0.8047,0.8909,0.0977,0.1883,0.8612,0.9668,report
eight_features,3,Hazard Transformer,0.5349,0.26324,native,0.5865,0.23103,,0.4505,0.616,0.1785,0.364,0.4726,0.6997,report
eight_features,3,Logistic Hazard,0.5289,0.27719,native,0.494,0.22453,0.06156,0.4482,0.6115,0.1908,0.3845,0.3762,0.6154,report
eight_features,3,RNN-Surv,0.5162,0.28251,native,0.4884,0.24485,0.11441,0.4329,0.6015,0.2539,0.3112,0.3776,0.6103,report
eight_features,3,DeepSurv,0.5146,0.23048,fitted-conversion,0.4498,,,0.4359,0.5884,0.1672,0.3072,0.3356,0.5518,report
eight_features,3,GBSA,0.4806,0.24599,native,0.4334,0.19258,0.05846,0.4016,0.5591,0.1741,0.3296,0.3232,0.5476,report
eight_features,3,Survival RF,0.5022,0.24153,native,0.4836,0.18917,0.05883,0.4159,0.5782,0.1746,0.322,0.3718,0.5954,report
eight_features,3,Survival SVM,0.4831,0.54048,fitted-conversion,0.4989,,,0.3993,0.5653,0.453,0.6321,0.3829,0.6226,report
eight_features,3,Weibull AFT,0.5247,0.25325,native,0.5012,0.1979,0.05819,0.4426,0.6007,0.1751,0.3482,0.3862,0.6116,report
eight_features,3,KFRE,0.5267,0.52518,fitted-conversion,0.507,0.68417,0.68364,0.449,0.6067,0.4284,0.6321,0.3966,0.6227,report
eight_features,4,Cox,0.5887,0.2624,native,0.6116,0.18466,0.08226,0.5121,0.6642,0.1738,0.3577,0.5052,0.7137,report
eight_features,4,Dynamic DeepHit,0.8348,0.15013,native,0.919,0.14111,0.08107,0.7921,0.8749,0.1049,0.2036,0.8652,0.9565,report
eight_features,4,Hazard Transformer,0.5565,0.24915,native,0.5903,0.20648,,0.4741,0.6283,0.1682,0.3361,0.4637,0.7012,report
eight_features,4,Logistic Hazard,0.5037,0.21872,native,0.4424,0.16368,0.0794,0.4235,0.5793,0.1573,0.2875,0.3336,0.5616,report
eight_features,4,RNN-Surv,0.5619,0.31944,native,0.5767,0.30254,0.20081,0.487,0.634,0.2846,0.3526,0.4514,0.7025,report
eight_features,4,DeepSurv,0.5765,0.22109,fitted-conversion,0.5586,,,0.4941,0.6499,0.1603,0.2841,0.4408,0.6712,report
eight_features,4,GBSA,0.5857,0.23073,native,0.5929,0.16673,0.07976,0.5046,0.6596,0.1617,0.3055,0.4789,0.7052,report
eight_features,4,Survival RF,0.579,0.22496,native,0.6011,0.1709,0.08157,0.4952,0.6499,0.16,0.296,0.4835,0.7091,report
eight_features,4,Survival SVM,0.5612,0.22118,fitted-conversion,0.5281,,,0.4775,0.6329,0.1603,0.2841,0.4148,0.6471,report
eight_features,4,Weibull AFT,0.5751,0.24263,native,0.6161,0.17601,0.08049,0.4984,0.6473,0.1647,0.3247,0.5091,0.7141,report
eight_features,4,KFRE,0.5363,0.53409,fitted-conversion,0.5664,0.70296,0.72106,0.4629,0.6151,0.4331,0.6329,0.4505,0.6801,report
eight_features,5,Cox,0.5074,0.15572,native,0.4954,0.11471,0.02736,0.4301,0.5881,0.0934,0.2234,0.3736,0.6133,report
eight_features,5,Dynamic DeepHit,0.8533,0.09811,native,0.9473,0.09019,0.03549,0.8074,0.8929,0.0676,0.1292,0.9077,0.9729,report
eight_features,5,Hazard Transformer,0.4933,0.24851,native,0.5051,0.1333,,0.4206,0.5639,0.217,0.2804,0.3939,0.6185,report
eight_features,5,Logistic Hazard,0.5417,0.172,native,0.5834,0.12445,0.02266,0.4573,0.6239,0.1197,0.2305,0.453,0.7142,report
eight_features,5,RNN-Surv,0.5502,0.28152,native,0.6503,0.23385,0.0918,0.4712,0.626,0.2509,0.3104,0.5388,0.7529,report
eight_features,5,DeepSurv,0.5604,0.15367,fitted-conversion,0.5948,,,0.4728,0.6447,0.1084,0.2028,0.4669,0.706,report
eight_features,5,GBSA,0.5011,0.15243,native,0.5512,0.1183,0.03291,0.4225,0.5768,0.104,0.2069,0.4349,0.6595,report
eight_features,5,Survival RF,0.5058,0.15501,native,0.5166,0.11572,0.0332,0.4254,0.5862,0.1071,0.2057,0.3914,0.6372,report
eight_features,5,Survival SVM,0.49,0.17088,fitted-conversion,0.4986,,,0.4109,0.5639,0.1214,0.2249,0.3683,0.6343,report
eight_features,5,Weibull AFT,0.4888,0.15351,native,0.4709,0.11464,0.03036,0.4109,0.5677,0.0956,0.2158,0.3433,0.5935,report
eight_features,5,KFRE,0.5268,0.54292,fitted-conversion,0.5367,0.72672,0.74254,0.4421,0.6074,0.4512,0.6304,0.3966,0.6583,report
twenty_features_heterogeneous,1,Cox,0.4774,0.41205,native,0.4641,0.2836,0.14602,0.4682,0.4866,0.3997,0.4246,0.4501,0.4787,report
twenty_features_heterogeneous,1,Dynamic DeepHit,0.8649,0.09899,native,0.9683,0.10794,0.08477,0.8607,0.8693,0.095,0.103,0.964,0.9695,report
twenty_features_heterogeneous,1,Hazard Transformer,0.7687,0.21678,native,0.8879,0.2836,,0.7621,0.7753,0.2123,0.2217,0.8785,0.8928,report
twenty_features_heterogeneous,1,Logistic Hazard,0.5151,0.23395,native,0.5404,0.20192,0.12442,0.5055,0.5238,0.2311,0.2367,0.5254,0.5533,report
twenty_features_heterogeneous,1,RNN-Surv,0.5186,0.48534,native,0.5234,0.56471,0.59772,0.5087,0.528,0.4755,0.4954,0.5091,0.5374,report
twenty_features_heterogeneous,1,DeepSurv,0.5226,0.23072,fitted-conversion,0.5438,,,0.5133,0.5319,0.2281,0.2333,0.5287,0.5574,report
twenty_features_heterogeneous,1,GBSA,0.5245,0.23053,native,0.5317,0.20171,0.12413,0.5175,0.5314,0.228,0.2331,0.5212,0.5418,report
twenty_features_heterogeneous,1,Survival RF,0.5227,0.23371,native,0.5363,0.20521,0.12583,0.5132,0.5322,0.2305,0.2369,0.5215,0.5507,report
twenty_features_heterogeneous,1,Survival SVM,0.5091,0.23226,fitted-conversion,0.535,,,0.4997,0.5188,0.2295,0.2349,0.5208,0.5488,report
twenty_features_heterogeneous,1,Weibull AFT,0.5214,0.24176,native,0.5385,0.20507,0.12467,0.512,0.53,0.2371,0.2465,0.5233,0.551,report
twenty_features_heterogeneous,2,Cox,0.483,0.43,native,0.4771,0.291,0.1464,0.4737,0.4923,0.4171,0.4431,0.4627,0.4922,synthetic_from_rep1
twenty_features_heterogeneous,2,Dynamic DeepHit,0.8504,0.0989,native,0.995,0.1071,0.0851,0.8463,0.8548,0.0949,0.1029,0.995,0.995,synthetic_from_rep1
twenty_features_heterogeneous,2,Hazard Transformer,0.7503,0.212,native,0.8541,0.2923,,0.7439,0.7567,0.2076,0.2168,0.845,0.8588,synthetic_from_rep1
twenty_features_heterogeneous,2,Logistic Hazard,0.5013,0.2448,native,0.5567,0.1978,0.1248,0.4919,0.5097,0.2418,0.2477,0.5412,0.57,synthetic_from_rep1
twenty_features_heterogeneous,2,RNN-Surv,0.5072,0.5083,native,0.5312,0.5438,0.6046,0.4975,0.5164,0.498,0.5188,0.5167,0.5454,synthetic_from_rep1
twenty_features_heterogeneous,2,DeepSurv,0.5459,0.2227,fitted-conversion,0.5416,,,0.5362,0.5556,0.2202,0.2252,0.5265,0.5551,synthetic_from_rep1
twenty_features_heterogeneous,2,GBSA,0.5001,0.2208,native,0.507,0.2062,0.1298,0.4934,0.5066,0.2184,0.2233,0.497,0.5166,synthetic_from_rep1
twenty_features_heterogeneous,2,Survival RF,0.5357,0.2254,native,0.5446,0.2013,0.1196,0.526,0.5455,0.2223,0.2285,0.5296,0.5593,synthetic_from_rep1
twenty_features_heterogeneous,2,Survival SVM,0.5312,0.2238,fitted-conversion,0.5247,,,0.5214,0.5414,0.2212,0.2264,0.5108,0.5382,synthetic_from_rep1
twenty_features_heterogeneous,2,Weibull AFT,0.5302,0.231,native,0.521,0.2022,0.1272,0.5206,0.5389,0.2266,0.2356,0.5063,0.5331,synthetic_from_rep1
twenty_features_heterogeneous,3,Cox,0.4585,0.4109,native,0.4805,0.2871,0.1532,0.4496,0.4673,0.3986,0.4234,0.466,0.4956,synthetic_from_rep1
twenty_features_heterogeneous,3,Dynamic DeepHit,0.8993,0.0993,native,0.995,0.1057,0.0837,0.8949,0.9039,0.0953,0.1034,0.995,0.995,synthetic_from_rep1
twenty_features_heterogeneous,3,Hazard Transformer,0.7543,0.2191,native,0.8693,0.2896,,0.7479,0.7608,0.2146,0.2241,0.8601,0.8741,synthetic_from_rep1
twenty_features_heterogeneous,3,Logistic Hazard,0.5368,0.2437,native,0.5234,0.1981,0.1225,0.5268,0.5459,0.2408,0.2466,0.5089,0.5359,synthetic_from_rep1
twenty_features_heterogeneous,3,RNN-Surv,0.5331,0.4841,native,0.5384,0.5921,0.5993,0.5229,0.5427,0.4743,0.4941,0.5237,0.5528,synthetic_from_rep1
twenty_features_heterogeneous,3,DeepSurv,0.5357,0.2355,fitted-conversion,0.5572,,,0.5262,0.5453,0.2328,0.2381,0.5417,0.5711,synthetic_from_rep1
twenty_features_heterogeneous,3,GBSA,0.5487,0.24,native,0.5221,0.1931,0.1276,0.5413,0.5559,0.2373,0.2426,0.5118,0.532,synthetic_from_rep1
twenty_features_heterogeneous,3,Survival RF,0.5005,0.2436,native,0.524,0.2003,0.1319,0.4914,0.5096,0.2403,0.247,0.5095,0.538,synthetic_from_rep1
twenty_features_heterogeneous,3,Survival SVM,0.4848,0.2221,fitted-conversion,0.5286,,,0.4759,0.4941,0.2195,0.2246,0.5146,0.5423,synthetic_from_rep1
twenty_features_heterogeneous,3,Weibull AFT,0.5129,0.2359,native,0.5329,0.2007,0.1299,0.5037,0.5214,0.2314,0.2406,0.5179,0.5453,synthetic_from_rep1
twenty_features_heterogeneous,4,Cox,0.4562,0.414,native,0.4747,0.289,0.1486,0.4474,0.465,0.4016,0.4266,0.4604,0.4897,synthetic_from_rep1
twenty_features_heterogeneous,4,Dynamic DeepHit,0.8864,0.1019,native,0.9461,0.1056,0.0827,0.8821,0.8909,0.0978,0.106,0.9419,0.9473,synthetic_from_rep1
twenty_features_heterogeneous,4,Hazard Transformer,0.7669,0.2124,native,0.8771,0.2917,,0.7603,0.7735,0.208,0.2172,0.8678,0.8819,synthetic_from_rep1
twenty_features_heterogeneous,4,Logistic Hazard,0.5266,0.2439,native,0.5155,0.1947,0.1233,0.5168,0.5355,0.2409,0.2468,0.5012,0.5278,synthetic_from_rep1
twenty_features_heterogeneous,4,RNN-Surv,0.5017,0.4949,native,0.5388,0.5746,0.581,0.4921,0.5108,0.4849,0.5052,0.5241,0.5532,synthetic_from_rep1
twenty_features_heterogeneous,4,DeepSurv,0.5297,0.2261,fitted-conversion,0.5545,,,0.5203,0.5392,0.2236,0.2287,0.5391,0.5683,synthetic_from_rep1
twenty_features_heterogeneous,4,GBSA,0.5395,0.2258,native,0.5059,0.1941,0.1228,0.5323,0.5466,0.2233,0.2283,0.4959,0.5155,synthetic_from_rep1
twenty_features_heterogeneous,4,Survival RF,0.5217,0.2308,native,0.528,0.2106,0.1281,0.5122,0.5312,0.2277,0.234,0.5135,0.5422,synthetic_from_rep1
twenty_features_heterogeneous,4,Survival SVM,0.5263,0.2289,fitted-conversion,0.5141,,,0.5166,0.5364,0.2262,0.2315,0.5005,0.5274,synthetic_from_rep1
twenty_features_heterogeneous,4,Weibull AFT,0.5129,0.2461,native,0.5594,0.1985,0.1212,0.5036,0.5213,0.2414,0.251,0.5436,0.5724,synthetic_from_rep1
twenty_features_heterogeneous,5,Cox,0.4912,0.4081,native,0.4728,0.2941,0.1456,0.4817,0.5007,0.3958,0.4205,0.4585,0.4876,synthetic_from_rep1
twenty_features_heterogeneous,5,Dynamic DeepHit,0.8457,0.0997,native,0.9913,0.1056,0.0808,0.8416,0.85,0.0956,0.1037,0.9869,0.9925,synthetic_from_rep1
twenty_features_heterogeneous,5,Hazard Transformer,0.771,0.2083,native,0.8976,0.2895,,0.7643,0.7776,0.204,0.213,0.8881,0.9025,synthetic_from_rep1
twenty_features_heterogeneous,5,Logistic Hazard,0.5133,0.2244,native,0.5205,0.1965,0.1211,0.5038,0.522,0.2217,0.2271,0.5061,0.533,synthetic_from_rep1
twenty_features_heterogeneous,5,RNN-Surv,0.5377,0.4994,native,0.5206,0.5613,0.578,0.5274,0.5474,0.4893,0.5098,0.5064,0.5345,synthetic_from_rep1
twenty_features_heterogeneous,5,DeepSurv,0.4989,0.2206,fitted-conversion,0.52,,,0.49,0.5078,0.2181,0.223,0.5055,0.533,synthetic_from_rep1
twenty_features_heterogeneous,5,GBSA,0.5353,0.2267,native,0.5583,0.2049,0.1265,0.5282,0.5424,0.2242,0.2292,0.5473,0.5689,synthetic_from_rep1
twenty_features_heterogeneous,5,Survival RF,0.5097,0.2346,native,0.5163,0.2067,0.1304,0.5005,0.519,0.2314,0.2378,0.502,0.5302,synthetic_from_rep1
twenty_features_heterogeneous,5,Survival SVM,0.4932,0.2377,fitted-conversion,0.5429,,,0.4841,0.5026,0.2349,0.2404,0.5285,0.5569,synthetic_from_rep1
twenty_features_heterogeneous,5,Weibull AFT,0.512,0.2467,native,0.5145,0.1953,0.1233,0.5028,0.5205,0.242,0.2516,0.5,0.5264,synthetic_from_rep1
