scenario,model,n_reps,brier_source,c_index_mean,c_index_sd,brier_mean,brier_sd,auc_mean,auc_sd,brier_730_mean,brier_730_sd,brier_1825_mean,brier_1825_sd,c_index_ci_halfwidth_mean,brier_ci_halfwidth_mean,auc_ci_halfwidth_mean
four_features,Cox,5,native,0.55,0.019102617621676893,0.251,0.0035117445806892157,0.56114,0.02704233717710064,0.23971,0.008240573402379226,0.13140000000000002,0.01885467713857758,0.04864,0.023959999999999995,0.06764999999999999
four_features,Dynamic DeepHit,5,native,0.8518,0.018086873693372207,0.130932,0.018965919961868454,0.94696,0.014140473825158763,0.15695599999999998,0.01976142783302866,0.121506,0.018830891641130533,0.028120000000000023,0.02316,0.02157
four_features,Hazard Transformer,5,native,0.595,0.022125211863392398,0.27759,0.017980788358689947,0.65144,0.034714377424922976,0.360542,0.017249810723599265,,,0.04768,0.031619999999999995,0.06258000000000001
four_features,Logistic Hazard,5,native,0.5636,0.01074592946189394,0.24859799999999999,0.008522996538776709,0.5822,0.016343959128681126,0.243282,0.017665967847814053,0.138042,0.021094666861555315,0.047420000000000004,0.01954,0.06623000000000001
four_features,RNN-Surv,5,native,0.53556,0.01942750627332287,0.392198,0.05455344645391344,0.5352399999999999,0.029075900673925813,0.41564,0.07330402444613801,0.40363,0.09732892889578103,0.047670000000000004,0.03965999999999999,0.06731000000000001
four_features,DeepSurv,5,fitted-conversion,0.50772,0.020529417916735966,0.24596200000000001,0.004910892994150863,0.50174,0.02282614728770496,,,,,0.04801999999999999,0.014479999999999984,0.06709999999999999
four_features,GBSA,5,native,0.54338,0.02553149035994571,0.248232,0.012201920750439263,0.54886,0.029021250834517787,0.23663,0.013829665578024652,0.130824,0.01672013995156739,0.04836000000000001,0.017070000000000002,0.06525999999999998
four_features,Survival RF,5,native,0.5502,0.020107834294125288,0.24365399999999998,0.009578114637025388,0.55928,0.02672736425463611,0.232518,0.010942841038779657,0.129968,0.016992782879799294,0.04848000000000001,0.016380000000000002,0.06633
four_features,Survival SVM,5,fitted-conversion,0.5507,0.006600378777009718,0.246136,0.004313725767825304,0.5603,0.012067518386147148,,,,,0.049319999999999996,0.016939999999999997,0.06576
four_features,Weibull AFT,5,native,0.5503,0.011984782017208305,0.252908,0.002677969379959376,0.5592,0.013589885945069597,0.23829,0.007764969413977108,0.130246,0.014337551394851216,0.04908999999999999,0.024700000000000003,0.06647000000000002
four_features,KFRE,5,fitted-conversion,0.54486,0.022377064150598494,0.43269,0.031822410342398626,0.5576,0.03116472364709816,0.571872,0.030007670186137415,0.657904,0.02284682538122092,0.04875,0.05386999999999999,0.06722
eight_features,Cox,5,native,0.54826,0.030148018176988027,0.243346,0.06869097051287017,0.55464,0.04947552930489981,0.194238,0.06648729931347791,0.06783600000000001,0.034529021561579186,0.07692,0.09049,0.11272000000000001
eight_features,Dynamic DeepHit,5,native,0.8261999999999999,0.03730040214260431,0.137982,0.02496815411679446,0.91952,0.026365356056765127,0.130476,0.026282348258859976,0.072074,0.031831969464674974,0.04555,0.046590000000000006,0.05415
eight_features,Hazard Transformer,5,native,0.52442,0.028219443651496753,0.25928,0.05481355078810349,0.54182,0.04622696182965091,0.21834800000000001,0.07045686389557798,,,0.07602999999999999,0.07808,0.11585000000000001
eight_features,Logistic Hazard,5,native,0.52454,0.024942493860879256,0.248946,0.07307715292757376,0.50788,0.07403723387593572,0.206014,0.076737230403501,0.068604,0.038235092912140285,0.07921000000000002,0.08597,0.11878999999999999
eight_features,RNN-Surv,5,native,0.54282,0.016787108148814667,0.302832,0.020888766598341803,0.5748,0.0582649980691667,0.27028599999999997,0.029387863651514363,0.139652,0.041375511114667814,0.07568000000000001,0.031509999999999996,0.11410000000000001
eight_features,DeepSurv,5,fitted-conversion,0.536,0.03868404063693452,0.214178,0.042085033800627974,0.5227999999999999,0.06357530967285963,,,,,0.07962000000000001,0.06411,0.11691
eight_features,GBSA,5,native,0.5188,0.0412742655900744,0.240152,0.08241348445491185,0.52934,0.05876400258661759,0.1944,0.07696488907287531,0.069734,0.034821740048423776,0.07837,0.07954,0.11459
eight_features,Survival RF,5,native,0.53122,0.03187823709052932,0.219332,0.04509082301311432,0.5381199999999999,0.043559005957436635,0.179274,0.04976684418365304,0.070524,0.03262576098729346,0.08007000000000002,0.06826,0.11804
eight_features,Survival SVM,5,fitted-conversion,0.50096,0.04398184852868284,0.34396,0.2048971008823697,0.4921,0.03448905623527557,,,,,0.07941000000000001,0.07213,0.12351
eight_features,Weibull AFT,5,native,0.53144,0.031446112637335606,0.22794999999999999,0.057606112522891176,0.5468,0.05924959915476223,0.18529400000000001,0.05846163810568431,0.066658,0.03166339637499427,0.0759,0.08034,0.11359000000000001
eight_features,KFRE,5,fitted-conversion,0.52366,0.024352063567591162,0.53018,0.011646903021833745,0.52562,0.040923733944986,0.686154,0.03145978989122466,0.700586,0.03830659316619009,0.07741,0.09923,0.11632
twenty_features_heterogeneous,Cox,5,native,0.47326,0.015352133402234363,0.41501,0.008647571913548906,0.47384,0.006157759332744333,0.28896,0.0039614391324365745,0.147964,0.0031477738165249405,0.00913,0.01253999999999999,0.014610000000000001
twenty_features_heterogeneous,Dynamic DeepHit,5,native,0.86934,0.023053915068812044,0.099758,0.0012376671604272314,0.97914,0.021564391945983512,0.106388,0.001075973977380492,0.083414,0.0017396781311495525,0.004329999999999989,0.00404,0.0016500000000000182
twenty_features_heterogeneous,Hazard Transformer,5,native,0.76224,0.009297741661285315,0.213716,0.00425397226131059,0.8772,0.01678302714053696,0.28934,0.0034413660078521104,,,0.0065400000000000015,0.0046300000000000004,0.007060000000000011
twenty_features_heterogeneous,Logistic Hazard,5,native,0.51862,0.013554224433732852,0.23815,0.008871161141586826,0.5313,0.017004852248696554,0.197804,0.0026629081846732817,0.123224,0.001496288742188485,0.009210000000000006,0.0028600000000000014,0.01372000000000001
twenty_features_heterogeneous,RNN-Surv,5,native,0.51966,0.015692450414132253,0.494408,0.010082575067908,0.53048,0.008369707282814618,0.567302,0.01777138205092671,0.592124,0.011850016033744467,0.009669999999999995,0.010130000000000005,0.014329999999999987
twenty_features_heterogeneous,DeepSurv,5,fitted-conversion,0.52656,0.01766488041284175,0.227124,0.006047138166107996,0.54342,0.014702108692293088,,,,,0.00938000000000001,0.0025500000000000024,0.01434000000000003
twenty_features_heterogeneous,GBSA,5,native,0.52962,0.018651863177709616,0.228766,0.007173512389338988,0.525,0.02151162476429895,0.20000199999999999,0.006078529427419104,0.126166,0.002777099206006148,0.0070199999999999985,0.0025299999999999962,0.01015999999999998
twenty_features_heterogeneous,Survival RF,5,native,0.51806,0.01345540783477038,0.233622,0.006634939336572724,0.52984,0.010959151427003818,0.204822,0.004180779831562528,0.127166,0.004815888287740898,0.009420000000000012,0.0032,0.014430000000000021
twenty_features_heterogeneous,Survival SVM,5,fitted-conversion,0.50892,0.020170448681177115,0.228952,0.006343620417395732,0.52906,0.010838034877227528,,,,,0.009560000000000018,0.002649999999999997,0.013839999999999996
twenty_features_heterogeneous,Weibull AFT,5,native,0.51788,0.007879530442862687,0.240292,0.006756132029497351,0.53326,0.0174150222509189,0.200354,0.0036996053843619567,0.125254,0.0033899233029671878,0.008939999999999993,0.004680000000000001,0.01371000000000001
