scenario,dimension,group,model,n_reps,n_mean,events_mean,c_index_mean,c_index_sd,brier_mean,auc_mean
four_features,Age group,18-45,Cox,4,28,23.5,0.5398000000000001,0.07272926966955374,0.255225,0.540475
four_features,Age group,18-45,Dynamic DeepHit,4,28,23.5,0.8692,0.03542626144543058,0.140475,0.94535
four_features,Age group,18-45,Hazard Transformer,4,28,23.5,0.532875,0.10081621480033195,0.282025,0.5647
four_features,Age group,18-45,Logistic Hazard,4,28,23.5,0.599375,0.12197938008805694,0.25882499999999997,0.622775
four_features,Age group,18-45,RNN-Surv,4,28,23.5,0.4734,0.031422603329450606,0.49517500000000003,0.44020000000000004
four_features,Age group,18-45,DeepSurv,4,28,23.5,0.46614999999999995,0.05062901012923979,0.27,0.44115
four_features,Age group,18-45,GBSA,4,28,23.5,0.5372,0.0847844718487216,0.26305,0.541475
four_features,Age group,18-45,Survival RF,4,28,23.5,0.54095,0.0719688126899423,0.254875,0.53945
four_features,Age group,18-45,Survival SVM,4,28,23.5,0.507675,0.05592068043219791,0.26075,0.513925
four_features,Age group,18-45,Weibull AFT,4,28,23.5,0.5226,0.056984793293181894,0.25682499999999997,0.523575
four_features,Age group,18-45,KFRE,4,28,23.5,0.557225,0.07177865862032622,0.44905,0.568125
four_features,Age group,46-65,Cox,5,103.2,82,0.4834,0.028597814601818795,0.26562,0.48244000000000004
four_features,Age group,46-65,Dynamic DeepHit,5,103.2,82,0.84402,0.03501802393054182,0.13034,0.94252
four_features,Age group,46-65,Hazard Transformer,5,103.2,82,0.551,0.015019820238604726,0.29816,0.60036
four_features,Age group,46-65,Logistic Hazard,5,103.2,82,0.51134,0.03403348351256451,0.2682,0.53116
four_features,Age group,46-65,RNN-Surv,5,103.2,82,0.53798,0.02418216284785126,0.39906,0.54298
four_features,Age group,46-65,DeepSurv,5,103.2,82,0.52554,0.04923756695857343,0.25642,0.53124
four_features,Age group,46-65,GBSA,5,103.2,82,0.50498,0.024025965121093475,0.26146,0.51364
four_features,Age group,46-65,Survival RF,5,103.2,82,0.5012,0.009108786966440711,0.26148,0.5084
four_features,Age group,46-65,Survival SVM,5,103.2,82,0.50926,0.020715887622788448,0.2609,0.51912
four_features,Age group,46-65,Weibull AFT,5,103.2,82,0.50568,0.02311107959399561,0.26702,0.51506
four_features,Age group,46-65,KFRE,5,103.2,82,0.4736,0.02981232966408362,0.50534,0.47008
four_features,Age group,66-85,Cox,5,125,89.2,0.60842,0.02702622800170234,0.24472,0.62992
four_features,Age group,66-85,Dynamic DeepHit,5,125,89.2,0.85446,0.02295894161323642,0.12664,0.95054
four_features,Age group,66-85,Hazard Transformer,5,125,89.2,0.64862,0.028045356121825227,0.2677,0.72316
four_features,Age group,66-85,Logistic Hazard,5,125,89.2,0.59464,0.01824658872227901,0.23786,0.60954
four_features,Age group,66-85,RNN-Surv,5,125,89.2,0.5679000000000001,0.02334555632234965,0.37148,0.5667
four_features,Age group,66-85,DeepSurv,5,125,89.2,0.51698,0.048037089836916645,0.23738,0.50452
four_features,Age group,66-85,GBSA,5,125,89.2,0.5654,0.030348393697195896,0.23886,0.56996
four_features,Age group,66-85,Survival RF,5,125,89.2,0.57956,0.028092223123134995,0.23184000000000002,0.5896399999999999
four_features,Age group,66-85,Survival SVM,5,125,89.2,0.59172,0.019037778231715995,0.23494,0.61214
four_features,Age group,66-85,Weibull AFT,5,125,89.2,0.59534,0.023165340489619393,0.24706,0.61568
four_features,Age group,66-85,KFRE,5,125,89.2,0.60588,0.03263796868679174,0.37362,0.62958
four_features,Sex as recorded in patients.csv,F,Cox,5,112.4,89.6,0.55436,0.021695229890462107,0.25882,0.5599000000000001
four_features,Sex as recorded in patients.csv,F,Dynamic DeepHit,5,112.4,89.6,0.84404,0.006645148606314239,0.13748,0.94526
four_features,Sex as recorded in patients.csv,F,Hazard Transformer,5,112.4,89.6,0.60838,0.022843533001705333,0.28908,0.67728
four_features,Sex as recorded in patients.csv,F,Logistic Hazard,5,112.4,89.6,0.5541,0.012738131731144886,0.2594,0.5716600000000001
four_features,Sex as recorded in patients.csv,F,RNN-Surv,5,112.4,89.6,0.5394599999999999,0.016232159437363818,0.39608,0.54372
four_features,Sex as recorded in patients.csv,F,DeepSurv,5,112.4,89.6,0.54186,0.03326729625322741,0.25,0.5485
four_features,Sex as recorded in patients.csv,F,GBSA,5,112.4,89.6,0.54798,0.02433817988264525,0.25396,0.55518
four_features,Sex as recorded in patients.csv,F,Survival RF,5,112.4,89.6,0.5702,0.02448713948177695,0.2477,0.5886399999999999
four_features,Sex as recorded in patients.csv,F,Survival SVM,5,112.4,89.6,0.53706,0.027939004993020072,0.25454,0.53306
four_features,Sex as recorded in patients.csv,F,Weibull AFT,5,112.4,89.6,0.54126,0.03037503909462505,0.26106,0.5374
four_features,Sex as recorded in patients.csv,F,KFRE,5,112.4,89.6,0.53704,0.01707931497455326,0.45454,0.54234
four_features,Sex as recorded in patients.csv,M,Cox,5,157.6,113.4,0.55006,0.03020634039402986,0.2457,0.5659
four_features,Sex as recorded in patients.csv,M,Dynamic DeepHit,5,157.6,113.4,0.85754,0.02541511361375354,0.1262,0.94696
four_features,Sex as recorded in patients.csv,M,Hazard Transformer,5,157.6,113.4,0.5886399999999999,0.03458298714686164,0.26962,0.63822
four_features,Sex as recorded in patients.csv,M,Logistic Hazard,5,157.6,113.4,0.57214,0.014905804238617943,0.2411,0.59514
four_features,Sex as recorded in patients.csv,M,RNN-Surv,5,157.6,113.4,0.53678,0.03924336886659961,0.38914,0.53448
four_features,Sex as recorded in patients.csv,M,DeepSurv,5,157.6,113.4,0.48502,0.04033332369145892,0.24314,0.46888
four_features,Sex as recorded in patients.csv,M,GBSA,5,157.6,113.4,0.5428,0.033114724821444584,0.2443,0.54712
four_features,Sex as recorded in patients.csv,M,Survival RF,5,157.6,113.4,0.5378000000000001,0.027160541231720712,0.24088,0.5393
four_features,Sex as recorded in patients.csv,M,Survival SVM,5,157.6,113.4,0.56386,0.013606175068695839,0.24036,0.5827600000000001
four_features,Sex as recorded in patients.csv,M,Weibull AFT,5,157.6,113.4,0.56276,0.017276226439821834,0.24736,0.57956
four_features,Sex as recorded in patients.csv,M,KFRE,5,157.6,113.4,0.54932,0.0345301607294261,0.41728,0.56802
four_features,Race,BLACK,Cox,5,68.4,56.8,0.49682,0.04419091535598692,0.28928,0.47408
four_features,Race,BLACK,Dynamic DeepHit,5,68.4,56.8,0.84524,0.03113587962463887,0.13608,0.9571
four_features,Race,BLACK,Hazard Transformer,5,68.4,56.8,0.5896,0.0324973845101417,0.31173999999999996,0.6298
four_features,Race,BLACK,Logistic Hazard,5,68.4,56.8,0.53962,0.03141308644498342,0.27872,0.54282
four_features,Race,BLACK,RNN-Surv,5,68.4,56.8,0.54178,0.02597618139758036,0.39664,0.52728
four_features,Race,BLACK,DeepSurv,5,68.4,56.8,0.5299,0.035674430619142314,0.26933999999999997,0.5192599999999999
four_features,Race,BLACK,GBSA,5,68.4,56.8,0.53498,0.03411769335696656,0.27364,0.51302
four_features,Race,BLACK,Survival RF,5,68.4,56.8,0.5176999999999999,0.04263660399234439,0.27462,0.50332
four_features,Race,BLACK,Survival SVM,5,68.4,56.8,0.5114,0.028195833025466726,0.27632,0.48286
four_features,Race,BLACK,Weibull AFT,5,68.4,56.8,0.50278,0.024701963484711095,0.29152,0.46818
four_features,Race,BLACK,KFRE,5,68.4,56.8,0.49528,0.04568065235961503,0.47324,0.4766
four_features,Race,HISPANIC/LATINO,Cox,3,22.666666666666668,16.333333333333332,0.4794333333333333,0.041028811015350324,0.24976666666666666,0.5077
four_features,Race,HISPANIC/LATINO,Dynamic DeepHit,3,22.666666666666668,16.333333333333332,0.8674666666666667,0.03413566072794455,0.11573333333333334,0.941
four_features,Race,HISPANIC/LATINO,Hazard Transformer,3,22.666666666666668,16.333333333333332,0.5758666666666666,0.12291986549509941,0.27163333333333334,0.6425666666666666
four_features,Race,HISPANIC/LATINO,Logistic Hazard,3,22.666666666666668,16.333333333333332,0.5204333333333333,0.07355095739236395,0.25736666666666663,0.5388999999999999
four_features,Race,HISPANIC/LATINO,RNN-Surv,3,22.666666666666668,16.333333333333332,0.5175333333333334,0.10527755379630238,0.38273333333333337,0.49516666666666664
four_features,Race,HISPANIC/LATINO,DeepSurv,3,22.666666666666668,16.333333333333332,0.5292,0.08888666941673537,0.24123333333333333,0.4886
four_features,Race,HISPANIC/LATINO,GBSA,3,22.666666666666668,16.333333333333332,0.5021,0.09130821430736666,0.2625,0.48273333333333335
four_features,Race,HISPANIC/LATINO,Survival RF,3,22.666666666666668,16.333333333333332,0.4975333333333333,0.020894576648818077,0.25306666666666666,0.47836666666666666
four_features,Race,HISPANIC/LATINO,Survival SVM,3,22.666666666666668,16.333333333333332,0.5101333333333333,0.06029795463639986,0.23753333333333332,0.5524
four_features,Race,HISPANIC/LATINO,Weibull AFT,3,22.666666666666668,16.333333333333332,0.5179666666666667,0.04852075157428347,0.25006666666666666,0.5585
four_features,Race,HISPANIC/LATINO,KFRE,3,22.666666666666668,16.333333333333332,0.4786333333333333,0.03705689319591339,0.46976666666666667,0.5185333333333333
four_features,Race,WHITE,Cox,5,158.8,114.6,0.5812,0.018556400513030535,0.23923999999999998,0.60268
four_features,Race,WHITE,Dynamic DeepHit,5,158.8,114.6,0.85704,0.019987571138084765,0.12832,0.94524
four_features,Race,WHITE,Hazard Transformer,5,158.8,114.6,0.60232,0.030591779941677152,0.26572,0.6614399999999999
four_features,Race,WHITE,Logistic Hazard,5,158.8,114.6,0.57586,0.02395147177106242,0.23662,0.60384
four_features,Race,WHITE,RNN-Surv,5,158.8,114.6,0.53208,0.03487544981788766,0.387,0.5406
four_features,Race,WHITE,DeepSurv,5,158.8,114.6,0.4999,0.02614995219880908,0.23734,0.49828
four_features,Race,WHITE,GBSA,5,158.8,114.6,0.55324,0.02841219808462558,0.23814,0.56902
four_features,Race,WHITE,Survival RF,5,158.8,114.6,0.5717,0.02320786504614329,0.2304,0.59066
four_features,Race,WHITE,Survival SVM,5,158.8,114.6,0.57264,0.015859476662235722,0.23426,0.58984
four_features,Race,WHITE,Weibull AFT,5,158.8,114.6,0.57362,0.013973439089930572,0.24112,0.5927
four_features,Race,WHITE,KFRE,5,158.8,114.6,0.5742,0.023219819120742502,0.40940000000000004,0.59456
eight_features,Age group,46-65,Cox,5,44.8,36.2,0.5811799999999999,0.06626482475642714,0.32842,0.595
eight_features,Age group,46-65,Dynamic DeepHit,5,44.8,36.2,0.84184,0.05662144470074921,0.18254,0.91942
eight_features,Age group,46-65,Hazard Transformer,5,44.8,36.2,0.58072,0.025405845783992305,0.3332,0.66666
eight_features,Age group,46-65,Logistic Hazard,5,44.8,36.2,0.5251,0.06665571993460126,0.31302,0.5063799999999999
eight_features,Age group,46-65,RNN-Surv,5,44.8,36.2,0.51686,0.09675429189446844,0.323,0.5324
eight_features,Age group,46-65,DeepSurv,5,44.8,36.2,0.58822,0.0719840746276564,0.27316,0.57246
eight_features,Age group,46-65,GBSA,5,44.8,36.2,0.52788,0.08255941496885742,0.30757999999999996,0.53564
eight_features,Age group,46-65,Survival RF,5,44.8,36.2,0.53144,0.11213540029803257,0.28652,0.51418
eight_features,Age group,46-65,Survival SVM,5,44.8,36.2,0.49392,0.1024871065061357,0.3904,0.50088
eight_features,Age group,46-65,Weibull AFT,5,44.8,36.2,0.5534,0.07566852053529262,0.3031,0.56682
eight_features,Age group,46-65,KFRE,5,44.8,36.2,0.51058,0.06413881040368616,0.5738,0.51876
eight_features,Age group,66-85,Cox,5,42.8,30.8,0.51318,0.057043728840250274,0.17679999999999998,0.53308
eight_features,Age group,66-85,Dynamic DeepHit,5,42.8,30.8,0.80614,0.050974827120844654,0.08934,0.92458
eight_features,Age group,66-85,Hazard Transformer,5,42.8,30.8,0.49097999999999997,0.05926058555228763,0.20416,0.47048
eight_features,Age group,66-85,Logistic Hazard,5,42.8,30.8,0.5331,0.07267877957148154,0.19792,0.52668
eight_features,Age group,66-85,RNN-Surv,5,42.8,30.8,0.57752,0.05595705496181871,0.27102,0.61
eight_features,Age group,66-85,DeepSurv,5,42.8,30.8,0.4749,0.04243907397670217,0.16222,0.48458
eight_features,Age group,66-85,GBSA,5,42.8,30.8,0.5122599999999999,0.05450167887322369,0.18744,0.5203599999999999
eight_features,Age group,66-85,Survival RF,5,42.8,30.8,0.53232,0.07120285808870315,0.1684,0.5672
eight_features,Age group,66-85,Survival SVM,5,42.8,30.8,0.51386,0.03935178521998715,0.29452,0.53172
eight_features,Age group,66-85,Weibull AFT,5,42.8,30.8,0.50526,0.051539819557309255,0.17028,0.54426
eight_features,Age group,66-85,KFRE,5,42.8,30.8,0.5598,0.057059530317029414,0.46116,0.54314
eight_features,Sex as recorded in patients.csv,F,Cox,5,45.2,35,0.54838,0.08244341695975489,0.24338,0.54706
eight_features,Sex as recorded in patients.csv,F,Dynamic DeepHit,5,45.2,35,0.81634,0.03077422622910283,0.15026,0.92926
eight_features,Sex as recorded in patients.csv,F,Hazard Transformer,5,45.2,35,0.52556,0.03743772161870965,0.27036,0.53528
eight_features,Sex as recorded in patients.csv,F,Logistic Hazard,5,45.2,35,0.51588,0.06985343227071952,0.25456,0.50168
eight_features,Sex as recorded in patients.csv,F,RNN-Surv,5,45.2,35,0.5214,0.04972625061272968,0.31794,0.53508
eight_features,Sex as recorded in patients.csv,F,DeepSurv,5,45.2,35,0.52448,0.06015066084425007,0.21894,0.50822
eight_features,Sex as recorded in patients.csv,F,GBSA,5,45.2,35,0.5404,0.06575883970995838,0.24414,0.52388
eight_features,Sex as recorded in patients.csv,F,Survival RF,5,45.2,35,0.55802,0.07608000394321755,0.21452,0.56318
eight_features,Sex as recorded in patients.csv,F,Survival SVM,5,45.2,35,0.4812,0.05759535571554359,0.34384000000000003,0.49901999999999996
eight_features,Sex as recorded in patients.csv,F,Weibull AFT,5,45.2,35,0.52838,0.0770846093588078,0.22864,0.53206
eight_features,Sex as recorded in patients.csv,F,KFRE,5,45.2,35,0.49582,0.0644759024752659,0.5711,0.46593999999999997
eight_features,Sex as recorded in patients.csv,M,Cox,5,61.8,47,0.54316,0.041301791728688975,0.24402,0.55548
eight_features,Sex as recorded in patients.csv,M,Dynamic DeepHit,5,61.8,47,0.8343200000000001,0.05127706114823665,0.12752,0.91374
eight_features,Sex as recorded in patients.csv,M,Hazard Transformer,5,61.8,47,0.52622,0.060212432271085005,0.25296,0.55694
eight_features,Sex as recorded in patients.csv,M,Logistic Hazard,5,61.8,47,0.5232,0.01986340856952803,0.24594,0.52158
eight_features,Sex as recorded in patients.csv,M,RNN-Surv,5,61.8,47,0.56722,0.04298705619136998,0.29222,0.61194
eight_features,Sex as recorded in patients.csv,M,DeepSurv,5,61.8,47,0.53628,0.05791663836929764,0.2114,0.5186999999999999
eight_features,Sex as recorded in patients.csv,M,GBSA,5,61.8,47,0.50222,0.050902033358206825,0.23858000000000001,0.51718
eight_features,Sex as recorded in patients.csv,M,Survival RF,5,61.8,47,0.50758,0.042940447133209964,0.22364,0.50484
eight_features,Sex as recorded in patients.csv,M,Survival SVM,5,61.8,47,0.50288,0.0589613602285429,0.33993999999999996,0.47042
eight_features,Sex as recorded in patients.csv,M,Weibull AFT,5,61.8,47,0.53512,0.04552161025271406,0.22822,0.55444
eight_features,Sex as recorded in patients.csv,M,KFRE,5,61.8,47,0.53852,0.04580324224331721,0.49906,0.57306
eight_features,Race,BLACK,Cox,4,25,21.25,0.559825,0.04039739059229773,0.277175,0.592025
eight_features,Race,BLACK,Dynamic DeepHit,4,25,21.25,0.8244,0.030182224349220296,0.13255,0.9336
eight_features,Race,BLACK,Hazard Transformer,4,25,21.25,0.56,0.03819921465161294,0.270575,0.607425
eight_features,Race,BLACK,Logistic Hazard,4,25,21.25,0.5267999999999999,0.043509615795438446,0.257525,0.524375
eight_features,Race,BLACK,RNN-Surv,4,25,21.25,0.57885,0.06938618978826645,0.32705,0.593375
eight_features,Race,BLACK,DeepSurv,4,25,21.25,0.6179250000000001,0.06632869539900009,0.2323,0.6238
eight_features,Race,BLACK,GBSA,4,25,21.25,0.534675,0.04895803475086257,0.25775000000000003,0.593475
eight_features,Race,BLACK,Survival RF,4,25,21.25,0.5646,0.029379925119033264,0.237475,0.6183000000000001
eight_features,Race,BLACK,Survival SVM,4,25,21.25,0.46704999999999997,0.11865368374672006,0.43710000000000004,0.435825
eight_features,Race,BLACK,Weibull AFT,4,25,21.25,0.540925,0.061760363502816266,0.2576,0.56425
eight_features,Race,BLACK,KFRE,4,25,21.25,0.497275,0.05737917014620085,0.58455,0.46752499999999997
eight_features,Race,WHITE,Cox,5,66.8,49.2,0.56404,0.030762607171694666,0.22908,0.58148
eight_features,Race,WHITE,Dynamic DeepHit,5,66.8,49.2,0.83872,0.0424937877812746,0.13064,0.9189
eight_features,Race,WHITE,Hazard Transformer,5,66.8,49.2,0.51854,0.03276206647939044,0.25698,0.54148
eight_features,Race,WHITE,Logistic Hazard,5,66.8,49.2,0.51796,0.04701705009887371,0.24254,0.51896
eight_features,Race,WHITE,RNN-Surv,5,66.8,49.2,0.52522,0.03788016631431282,0.2869,0.5728
eight_features,Race,WHITE,DeepSurv,5,66.8,49.2,0.51134,0.038911990439965946,0.20168,0.4955
eight_features,Race,WHITE,GBSA,5,66.8,49.2,0.50802,0.06373975996189508,0.2327,0.51446
eight_features,Race,WHITE,Survival RF,5,66.8,49.2,0.5219,0.05031426239149292,0.21078000000000002,0.5292
eight_features,Race,WHITE,Survival SVM,5,66.8,49.2,0.5047400000000001,0.029334842764194267,0.31654,0.49378
eight_features,Race,WHITE,Weibull AFT,5,66.8,49.2,0.5311,0.02656633207652121,0.21576,0.55918
eight_features,Race,WHITE,KFRE,5,66.8,49.2,0.53574,0.030658000587122425,0.50588,0.54632
twenty_features_heterogeneous,Age group,18-45,Cox,5,494,481,0.48472,0.011119217598374437,0.37524,0.47656
twenty_features_heterogeneous,Age group,18-45,Dynamic DeepHit,5,494,481,0.87088,0.028131423710861147,0.09494,0.97948
twenty_features_heterogeneous,Age group,18-45,Hazard Transformer,5,494,481,0.74242,0.017728987562745924,0.23026,0.85184
twenty_features_heterogeneous,Age group,18-45,Logistic Hazard,5,494,481,0.5114000000000001,0.018522958726942106,0.23249999999999998,0.5349
twenty_features_heterogeneous,Age group,18-45,RNN-Surv,5,494,481,0.48256,0.016265700107895773,0.55492,0.47484
twenty_features_heterogeneous,Age group,18-45,DeepSurv,5,494,481,0.51726,0.011903906921679117,0.23754,0.5385
twenty_features_heterogeneous,Age group,18-45,GBSA,5,494,481,0.53128,0.011710550798318576,0.23132,0.53052
twenty_features_heterogeneous,Age group,18-45,Survival RF,5,494,481,0.49344,0.010698504568396463,0.24526,0.51484
twenty_features_heterogeneous,Age group,18-45,Survival SVM,5,494,481,0.5027200000000001,0.00832598342539787,0.23532,0.51708
twenty_features_heterogeneous,Age group,18-45,Weibull AFT,5,494,481,0.52736,0.006562240471058673,0.23248,0.5391199999999999
twenty_features_heterogeneous,Age group,46-65,Cox,5,1671,1581,0.47837999999999997,0.006280684676052431,0.47218,0.45052000000000003
twenty_features_heterogeneous,Age group,46-65,Dynamic DeepHit,5,1671,1581,0.83618,0.009829903356595103,0.1061,0.97118
twenty_features_heterogeneous,Age group,46-65,Hazard Transformer,5,1671,1581,0.75608,0.020861495631905213,0.22444,0.88142
twenty_features_heterogeneous,Age group,46-65,Logistic Hazard,5,1671,1581,0.52626,0.00812883755527196,0.24594,0.53508
twenty_features_heterogeneous,Age group,46-65,RNN-Surv,5,1671,1581,0.51228,0.019799671714450216,0.46432,0.52196
twenty_features_heterogeneous,Age group,46-65,DeepSurv,5,1671,1581,0.5261399999999999,0.014818164528712732,0.24392,0.55374
twenty_features_heterogeneous,Age group,46-65,GBSA,5,1671,1581,0.52442,0.0125398165855805,0.24086000000000002,0.53306
twenty_features_heterogeneous,Age group,46-65,Survival RF,5,1671,1581,0.52016,0.014436343027235123,0.2495,0.54922
twenty_features_heterogeneous,Age group,46-65,Survival SVM,5,1671,1581,0.5069,0.013484620869716744,0.24678,0.53466
twenty_features_heterogeneous,Age group,46-65,Weibull AFT,5,1671,1581,0.52008,0.014196020569159504,0.26782,0.53282
twenty_features_heterogeneous,Age group,66-85,Cox,5,2347,2097,0.48232,0.013621930846983474,0.41188,0.46988
twenty_features_heterogeneous,Age group,66-85,Dynamic DeepHit,5,2347,2097,0.8797200000000001,0.010273363616654463,0.0978,0.96834
twenty_features_heterogeneous,Age group,66-85,Hazard Transformer,5,2347,2097,0.76114,0.01576350214895153,0.21308,0.8854799999999999
twenty_features_heterogeneous,Age group,66-85,Logistic Hazard,5,2347,2097,0.51004,0.009513832035515464,0.23092,0.5524
twenty_features_heterogeneous,Age group,66-85,RNN-Surv,5,2347,2097,0.5267000000000001,0.015104138505720888,0.47304,0.53482
twenty_features_heterogeneous,Age group,66-85,DeepSurv,5,2347,2097,0.51896,0.021066395040442963,0.227,0.54592
twenty_features_heterogeneous,Age group,66-85,GBSA,5,2347,2097,0.52032,0.01572234079264278,0.23108,0.51878
twenty_features_heterogeneous,Age group,66-85,Survival RF,5,2347,2097,0.52286,0.013815860450945508,0.23399999999999999,0.53032
twenty_features_heterogeneous,Age group,66-85,Survival SVM,5,2347,2097,0.51366,0.010508948567768297,0.22342,0.5345
twenty_features_heterogeneous,Age group,66-85,Weibull AFT,5,2347,2097,0.5196000000000001,0.00706717765448129,0.2396,0.54006
twenty_features_heterogeneous,Age group,>85,Cox,5,704,611,0.4691,0.010766382865196662,0.2947,0.46527999999999997
twenty_features_heterogeneous,Age group,>85,Dynamic DeepHit,5,704,611,0.8942599999999999,0.019942492321673343,0.07987999999999999,0.98538
twenty_features_heterogeneous,Age group,>85,Hazard Transformer,5,704,611,0.78234,0.0247915913164121,0.2044,0.88018
twenty_features_heterogeneous,Age group,>85,Logistic Hazard,5,704,611,0.51246,0.010166267751736624,0.1987,0.54966
twenty_features_heterogeneous,Age group,>85,RNN-Surv,5,704,611,0.53044,0.01313860723212322,0.54172,0.5341400000000001
twenty_features_heterogeneous,Age group,>85,DeepSurv,5,704,611,0.51928,0.015680146682987388,0.20092,0.544
twenty_features_heterogeneous,Age group,>85,GBSA,5,704,611,0.5371400000000001,0.017761278107163336,0.2015,0.54556
twenty_features_heterogeneous,Age group,>85,Survival RF,5,704,611,0.5381,0.01807097119692245,0.2042,0.5587799999999999
twenty_features_heterogeneous,Age group,>85,Survival SVM,5,704,611,0.50444,0.013311573911450143,0.20156,0.54804
twenty_features_heterogeneous,Age group,>85,Weibull AFT,5,704,611,0.53074,0.017917254253930766,0.18916,0.55086
twenty_features_heterogeneous,Sex as recorded in patients.csv,F,Cox,5,2176,1986,0.4793,0.01369434189729468,0.42138,0.46648
twenty_features_heterogeneous,Sex as recorded in patients.csv,F,Dynamic DeepHit,5,2176,1986,0.88548,0.014685945662435201,0.10262,0.9581999999999999
twenty_features_heterogeneous,Sex as recorded in patients.csv,F,Hazard Transformer,5,2176,1986,0.76944,0.017052946959396804,0.21198,0.86922
twenty_features_heterogeneous,Sex as recorded in patients.csv,F,Logistic Hazard,5,2176,1986,0.52242,0.014536230598060843,0.23452,0.55094
twenty_features_heterogeneous,Sex as recorded in patients.csv,F,RNN-Surv,5,2176,1986,0.52588,0.013554962191020665,0.47602,0.52968
twenty_features_heterogeneous,Sex as recorded in patients.csv,F,DeepSurv,5,2176,1986,0.5254800000000001,0.01613682124831281,0.23299999999999998,0.54492
twenty_features_heterogeneous,Sex as recorded in patients.csv,F,GBSA,5,2176,1986,0.5126,0.006286493458200683,0.22994,0.5155
twenty_features_heterogeneous,Sex as recorded in patients.csv,F,Survival RF,5,2176,1986,0.5306,0.0071228505529738325,0.23198,0.53992
twenty_features_heterogeneous,Sex as recorded in patients.csv,F,Survival SVM,5,2176,1986,0.5261,0.014319741617780693,0.23506,0.55046
twenty_features_heterogeneous,Sex as recorded in patients.csv,F,Weibull AFT,5,2176,1986,0.5139199999999999,0.01679604120023524,0.23508,0.55004
twenty_features_heterogeneous,Sex as recorded in patients.csv,M,Cox,5,3040,2784,0.46984,0.013327527902803291,0.40608,0.46184
twenty_features_heterogeneous,Sex as recorded in patients.csv,M,Dynamic DeepHit,5,3040,2784,0.8676,0.027702075734500453,0.09752,0.97336
twenty_features_heterogeneous,Sex as recorded in patients.csv,M,Hazard Transformer,5,3040,2784,0.75606,0.013107745801624309,0.22462,0.8899
twenty_features_heterogeneous,Sex as recorded in patients.csv,M,Logistic Hazard,5,3040,2784,0.5236,0.008448964433585905,0.23474,0.5295799999999999
twenty_features_heterogeneous,Sex as recorded in patients.csv,M,RNN-Surv,5,3040,2784,0.5271,0.010312613635737537,0.49226,0.5247999999999999
twenty_features_heterogeneous,Sex as recorded in patients.csv,M,DeepSurv,5,3040,2784,0.51006,0.007893224942949474,0.22378,0.54954
twenty_features_heterogeneous,Sex as recorded in patients.csv,M,GBSA,5,3040,2784,0.53368,0.0091573467773149,0.23048000000000002,0.53592
twenty_features_heterogeneous,Sex as recorded in patients.csv,M,Survival RF,5,3040,2784,0.51924,0.007536776499273414,0.23414,0.5480200000000001
twenty_features_heterogeneous,Sex as recorded in patients.csv,M,Survival SVM,5,3040,2784,0.49948,0.007032567098862264,0.23534,0.52362
twenty_features_heterogeneous,Sex as recorded in patients.csv,M,Weibull AFT,5,3040,2784,0.52774,0.012175508202945806,0.24498,0.5405800000000001
twenty_features_heterogeneous,Race,ASIAN,Cox,5,150,142,0.45068,0.008316970602328718,0.33946,0.43528
twenty_features_heterogeneous,Race,ASIAN,Dynamic DeepHit,5,150,142,0.8431799999999999,0.02082755386501259,0.12066,0.93928
twenty_features_heterogeneous,Race,ASIAN,Hazard Transformer,5,150,142,0.73348,0.02498553581574747,0.24948,0.83624
twenty_features_heterogeneous,Race,ASIAN,Logistic Hazard,5,150,142,0.54234,0.01589506212633346,0.21422,0.56116
twenty_features_heterogeneous,Race,ASIAN,RNN-Surv,5,150,142,0.5323,0.017621293936598417,0.5706,0.54212
twenty_features_heterogeneous,Race,ASIAN,DeepSurv,5,150,142,0.54784,0.010396297417831027,0.21402,0.56602
twenty_features_heterogeneous,Race,ASIAN,GBSA,5,150,142,0.54292,0.007781195280932105,0.21356,0.55916
twenty_features_heterogeneous,Race,ASIAN,Survival RF,5,150,142,0.59062,0.018023373713042735,0.209,0.61756
twenty_features_heterogeneous,Race,ASIAN,Survival SVM,5,150,142,0.54886,0.01563131472397638,0.21576,0.57558
twenty_features_heterogeneous,Race,ASIAN,Weibull AFT,5,150,142,0.5471,0.0167608174025016,0.20316,0.5656
twenty_features_heterogeneous,Race,BLACK,Cox,5,754,701,0.51298,0.015239324131994815,0.53146,0.504
twenty_features_heterogeneous,Race,BLACK,Dynamic DeepHit,5,754,701,0.84072,0.027294907950018807,0.10468,0.9428
twenty_features_heterogeneous,Race,BLACK,Hazard Transformer,5,754,701,0.755,0.013323475522550428,0.21892,0.85214
twenty_features_heterogeneous,Race,BLACK,Logistic Hazard,5,754,701,0.47696,0.01250991606686472,0.25918,0.4815
twenty_features_heterogeneous,Race,BLACK,RNN-Surv,5,754,701,0.5053,0.014347647890856536,0.41658,0.49441999999999997
twenty_features_heterogeneous,Race,BLACK,DeepSurv,5,754,701,0.49796,0.012897015158555078,0.25488,0.50268
twenty_features_heterogeneous,Race,BLACK,GBSA,5,754,701,0.51316,0.013859401141463518,0.2525,0.50928
twenty_features_heterogeneous,Race,BLACK,Survival RF,5,754,701,0.49756,0.012122004784688044,0.25384,0.5096
twenty_features_heterogeneous,Race,BLACK,Survival SVM,5,754,701,0.46324000000000004,0.008666198705314798,0.25444,0.48108
twenty_features_heterogeneous,Race,BLACK,Weibull AFT,5,754,701,0.48434,0.014729324492318053,0.28276,0.49028
twenty_features_heterogeneous,Race,HISPANIC/LATINO,Cox,5,199,187,0.449,0.00751764590812844,0.44762,0.40278
twenty_features_heterogeneous,Race,HISPANIC/LATINO,Dynamic DeepHit,5,199,187,0.86994,0.036137487461083966,0.09896,0.9594
twenty_features_heterogeneous,Race,HISPANIC/LATINO,Hazard Transformer,5,199,187,0.76922,0.012867478385449105,0.23792,0.87928
twenty_features_heterogeneous,Race,HISPANIC/LATINO,Logistic Hazard,5,199,187,0.5301,0.0101286721735872,0.23654,0.58096
twenty_features_heterogeneous,Race,HISPANIC/LATINO,RNN-Surv,5,199,187,0.52754,0.01663709710255969,0.48058,0.51078
twenty_features_heterogeneous,Race,HISPANIC/LATINO,DeepSurv,5,199,187,0.52676,0.016879958530754732,0.23358,0.56264
twenty_features_heterogeneous,Race,HISPANIC/LATINO,GBSA,5,199,187,0.53236,0.011087966450165701,0.2385,0.53504
twenty_features_heterogeneous,Race,HISPANIC/LATINO,Survival RF,5,199,187,0.53432,0.013554962191020686,0.24478,0.54356
twenty_features_heterogeneous,Race,HISPANIC/LATINO,Survival SVM,5,199,187,0.5435800000000001,0.007984171841838075,0.23718,0.54994
twenty_features_heterogeneous,Race,HISPANIC/LATINO,Weibull AFT,5,199,187,0.56364,0.015664705551015016,0.2557,0.5993
twenty_features_heterogeneous,Race,OTHER,Cox,5,123,106,0.44216,0.010559024576162316,0.34834,0.39289999999999997
twenty_features_heterogeneous,Race,OTHER,Dynamic DeepHit,5,123,106,0.89466,0.016653017744541098,0.08126,0.96874
twenty_features_heterogeneous,Race,OTHER,Hazard Transformer,5,123,106,0.7663800000000001,0.01704455924921499,0.21176,0.83324
twenty_features_heterogeneous,Race,OTHER,Logistic Hazard,5,123,106,0.5549000000000001,0.0104529900028652,0.22024,0.59792
twenty_features_heterogeneous,Race,OTHER,RNN-Surv,5,123,106,0.51866,0.009885494423649228,0.4922,0.47978
twenty_features_heterogeneous,Race,OTHER,DeepSurv,5,123,106,0.58224,0.01182742575542117,0.22422,0.64068
twenty_features_heterogeneous,Race,OTHER,GBSA,5,123,106,0.5506,0.012045953677480287,0.22046,0.56146
twenty_features_heterogeneous,Race,OTHER,Survival RF,5,123,106,0.55638,0.017015639864548154,0.21828,0.54792
twenty_features_heterogeneous,Race,OTHER,Survival SVM,5,123,106,0.53424,0.015945626359600912,0.22662,0.60098
twenty_features_heterogeneous,Race,OTHER,Weibull AFT,5,123,106,0.55558,0.02117290721653498,0.22068,0.61092
twenty_features_heterogeneous,Race,UNKNOWN/NOT RECORDED,Cox,5,288,265,0.4424,0.008556576418170998,0.05262,0.39742
twenty_features_heterogeneous,Race,UNKNOWN/NOT RECORDED,Dynamic DeepHit,5,288,265,0.79964,0.02436581621862893,0.021660000000000002,0.9746
twenty_features_heterogeneous,Race,UNKNOWN/NOT RECORDED,Hazard Transformer,5,288,265,0.7198,0.015392368238838347,0.16018,0.9002
twenty_features_heterogeneous,Race,UNKNOWN/NOT RECORDED,Logistic Hazard,5,288,265,0.49907999999999997,0.00653429414703683,0.1695,0.53366
twenty_features_heterogeneous,Race,UNKNOWN/NOT RECORDED,RNN-Surv,5,288,265,0.5008,0.010142484902626162,0.70966,0.55974
twenty_features_heterogeneous,Race,UNKNOWN/NOT RECORDED,DeepSurv,5,288,265,0.50078,0.018946160560915783,0.17974,0.58414
twenty_features_heterogeneous,Race,UNKNOWN/NOT RECORDED,GBSA,5,288,265,0.5223800000000001,0.015845724975525735,0.1789,0.5680000000000001
twenty_features_heterogeneous,Race,UNKNOWN/NOT RECORDED,Survival RF,5,288,265,0.51516,0.014529556084065325,0.16912,0.57592
twenty_features_heterogeneous,Race,UNKNOWN/NOT RECORDED,Survival SVM,5,288,265,0.45652,0.015034360644869455,0.17096,0.50488
twenty_features_heterogeneous,Race,UNKNOWN/NOT RECORDED,Weibull AFT,5,288,265,0.50778,0.014424181085940367,0.1133,0.5524
twenty_features_heterogeneous,Race,WHITE,Cox,5,3656,3327,0.48606,0.016519170681362914,0.41958,0.46712000000000004
twenty_features_heterogeneous,Race,WHITE,Dynamic DeepHit,5,3656,3327,0.86418,0.019630894019376722,0.1034,0.95226
twenty_features_heterogeneous,Race,WHITE,Hazard Transformer,5,3656,3327,0.75758,0.02753047402425172,0.21654,0.88588
twenty_features_heterogeneous,Race,WHITE,Logistic Hazard,5,3656,3327,0.5048,0.012509996003196796,0.23294,0.53302
twenty_features_heterogeneous,Race,WHITE,RNN-Surv,5,3656,3327,0.5229,0.005552927156014217,0.48406,0.52304
twenty_features_heterogeneous,Race,WHITE,DeepSurv,5,3656,3327,0.51452,0.009419766451457263,0.22798,0.53534
twenty_features_heterogeneous,Race,WHITE,GBSA,5,3656,3327,0.52564,0.01268948383505019,0.2325,0.52862
twenty_features_heterogeneous,Race,WHITE,Survival RF,5,3656,3327,0.51188,0.014132480320170284,0.2357,0.52766
twenty_features_heterogeneous,Race,WHITE,Survival SVM,5,3656,3327,0.49857999999999997,0.013381218180718801,0.23002,0.5286
twenty_features_heterogeneous,Race,WHITE,Weibull AFT,5,3656,3327,0.5159400000000001,0.01833120290651979,0.24972,0.51656
